id,title,type,publication_year,issue,volume,chapter,publication_venue,venue_type,publisher,event
doi:10.1016/j.websem.2021.100655,Crossing The Chasm Between Ontology Engineering And Application Development: A Survey,journal-article,2021,,70,,Journal Of Web Semantics,journal,crossref:78,
doi:10.1007/s10115-017-1100-y,Core Techniques Of Question Answering Systems Over Knowledge Bases: A Survey,journal-article,2017,3,55,,Knowledge And Information Systems,journal,crossref:297,
doi:10.1016/j.websem.2014.03.003,Api-Centric Linked Data Integration: The Open Phacts Discovery Platform Case Study,journal-article,2014,,29,,Journal Of Web Semantics,journal,crossref:78,
doi:10.1093/nar/gkz997,The Monarch Initiative In 2019: An Integrative Data And Analytic Platform Connecting Phenotypes To Genotypes Across Species,journal-article,2019,D1,48,,Nucleic Acids Research,journal,crossref:286,
doi:10.3390/publications7030050,Dras-Tic Linked Data: Evenly Distributing The Past,journal-article,2019,3,7,,Publications,journal,crossref:1968,
doi:10.1017/s0269888920000065,"Ontology Engineering Methodologies For The Evolution Of Living And Reused Ontologies: Status, Trends, Findings And Recommendations",journal-article,2020,,35,,The Knowledge Engineering Review,journal,crossref:56,
doi:10.3390/info11030129,The Zaragoza’S Knowledge Graph: Open Data To Harness The City Knowledge,journal-article,2020,3,11,,Information,journal,crossref:1968,
doi:10.1007/s00778-018-0528-3,Summarizing Semantic Graphs: A Survey,journal-article,2018,3,28,,The Vldb Journal,journal,crossref:297,
doi:10.21105/joss.02731,Grlc: The Git Repository Linked Data Api Constructor.,journal-article,2021,67,6,,Journal Of Open Source Software,journal,crossref:8722,
doi:10.1016/j.websem.2014.06.002,Sina: Semantic Interpretation Of User Queries For Question Answering On Interlinked Data,journal-article,2015,,30,,Journal Of Web Semantics,journal,crossref:78,
doi:10.1007/s10115-019-01401-x,Structured Query Construction Via Knowledge Graph Embedding,journal-article,2019,5,62,,Knowledge And Information Systems,journal,crossref:297,
doi:10.1007/978-3-030-30793-6_22,Difficulty-Controllable Multi-Hop Question Generation From Knowledge Graphs,book-chapter,2019,,,1,Lecture Notes In Computer Science - The Semantic Web – Iswc 2019,book,crossref:297,
doi:10.1007/978-3-030-33220-4_25,Quant - Question Answering Benchmark Curator,book-chapter,2019,,,1,Lecture Notes In Computer Science - Semantic Systems. The Power Of Ai And Knowledge Graphs,book,crossref:297,
doi:10.1080/17538947.2020.1738568,Geo-Analytical Question-Answering With Gis,journal-article,2020,1,14,,International Journal Of Digital Earth,journal,crossref:301,
doi:10.1007/s10462-020-09826-5,A Short Survey On End-To-End Simple Question Answering Systems,journal-article,2020,7,53,,Artificial Intelligence Review,journal,crossref:297,
doi:10.1007/978-3-030-49461-2_25,Qanswer Kg: Designing A Portable Question Answering System Over Rdf Data,book-chapter,2020,,,1,The Semantic Web - Lecture Notes In Computer Science,book,crossref:297,
doi:10.1007/s10462-020-09866-x,Survey On Evaluation Methods For Dialogue Systems,journal-article,2020,1,54,,Artificial Intelligence Review,journal,crossref:297,
doi:10.1007/s10796-020-10035-2,An Overview Of Utilizing Knowledge Bases In Neural Networks For Question Answering,journal-article,2020,5,22,,Information Systems Frontiers,journal,crossref:297,
doi:10.1007/978-3-030-60276-5_25,Legal Tech: Documents’ Validation Method Based On The Associative-Ontological Approach,book-chapter,2020,,,1,Speech And Computer - Lecture Notes In Computer Science,book,crossref:297,
doi:10.1007/978-3-030-54956-5_2,Question Answering On Scholarly Knowledge Graphs,book-chapter,2020,,,1,Digital Libraries For Open Knowledge - Lecture Notes In Computer Science,book,crossref:297,
doi:10.1007/s11280-020-00836-5,Temporal Knowledge Extraction From Large-Scale Text Corpus,journal-article,2020,1,24,,World Wide Web,journal,crossref:297,
doi:10.3390/a13090217,R2D2: A Dbpedia Chatbot Using Triple-Pattern Like Queries,journal-article,2020,9,13,,Algorithms,journal,crossref:1968,
doi:10.1007/978-3-030-62466-8_1,Casqad – A New Dataset For Context-Aware Spatial Question Answering,book-chapter,2020,,,1,Lecture Notes In Computer Science - The Semantic Web – Iswc 2020,book,crossref:297,
doi:10.1016/j.eswa.2020.113205,Data-Driven Construction Of Sparql Queries By Approximate Question Graph Alignment In Question Answering Over Knowledge Graphs,journal-article,2020,,146,,Expert Systems With Applications,journal,crossref:78,
doi:10.1007/s00521-020-05491-5,Automated Organization Of Interaction Between Modules Of Information Systems Based On Neural Network Data Channels,journal-article,2020,12,33,,Neural Computing And Applications,journal,crossref:297,
doi:10.1002/bse.2855,Design For The Environment: An Ontology‐Based Knowledge Management Model For Green Product Development,journal-article,2021,8,30,,Business Strategy And The Environment,journal,crossref:311,
doi:10.3390/info12040160,Conversation Concepts: Understanding Topics And Building Taxonomies For Financial Services,journal-article,2021,4,12,,Information,journal,crossref:1968,
doi:10.1002/widm.1412,Text‐Based Question Answering From Information Retrieval And Deep Neural Network Perspectives: A Survey,journal-article,2021,6,11,,Wires Data Mining And Knowledge Discovery,journal,crossref:311,
doi:10.3390/info12070271,"Challenges, Techniques, And Trends Of Simple Knowledge Graph Question Answering: A Survey",journal-article,2021,7,12,,Information,journal,crossref:1968,
doi:10.1108/dta-12-2020-0312,Robust Cross-Lingual Knowledge Base Question Answering Via Knowledge Distillation,journal-article,2021,5,55,,Data Technologies And Applications,journal,crossref:140,
doi:10.1007/978-3-030-80418-3_17,Santé: A Light-Weight End-To-End Semantic Search Framework For Rdf Data,book-chapter,2021,,,1,The Semantic Web: Eswc 2021 Satellite Events - Lecture Notes In Computer Science,book,crossref:297,
doi:10.1007/978-3-030-82147-0_16,Improving Answer Type Classification Quality Through Combined Question Answering Datasets,book-chapter,2021,,,1,"Knowledge Science, Engineering And Management - Lecture Notes In Computer Science",book,crossref:297,
doi:10.1016/j.knosys.2021.107626,Sparseqa: Sequential Word Reordering And Parsing For Answering Complex Natural Language Questions Over Knowledge Graphs,journal-article,2022,,235,,Knowledge-Based Systems,journal,crossref:78,
doi:10.1007/s10791-021-09398-0,Neural Ranking Models For Document Retrieval,journal-article,2021,6,24,,Information Retrieval Journal,journal,crossref:297,
doi:10.1016/j.websem.2021.100681,"An Empirical Study Of Representing Adjectives Over Knowledge Bases: Approach, Lexicon And Application",journal-article,2022,,72,,Journal Of Web Semantics,journal,crossref:78,
doi:10.1155/2014/506740,Using Data Crawlers And Semantic Web To Build Financial Xbrl Data Generators: The Sonar Extension Approach,journal-article,2014,,2014,,The Scientific World Journal,journal,crossref:98,
doi:10.1007/s10845-018-1427-6,The Development Of An Ontology For Describing The Capabilities Of Manufacturing Resources,journal-article,2018,2,30,,Journal Of Intelligent Manufacturing,journal,crossref:297,
doi:10.1080/20964471.2019.1661662,Geospatial Data Ontology: The Semantic Foundation Of Geospatial Data Integration And Sharing,journal-article,2019,3,3,,Big Earth Data,journal,crossref:301,
doi:10.3390/electronics7120371,Ontology-Based Model To Support Ubiquitous Healthcare Systems For Copd Patients,journal-article,2018,12,7,,Electronics,journal,crossref:1968,
doi:10.1080/19401493.2018.1492020,Semantics For Assembling Modular Components In A Scalable Building Performance Simulation,journal-article,2018,2,12,,Journal Of Building Performance Simulation,journal,crossref:301,
doi:10.3233/ds-170010,Genuine Semantic Publishing,journal-article,2017,1-2,1,,Data Science,journal,crossref:7437,
doi:10.4018/ijossp.2019040101,Norjade,journal-article,2019,2,10,,International Journal Of Open Source Software And Processes,journal,crossref:2432,
doi:10.4018/ijpada.2014010107,From Software-Based To Knowledge-Based Policy Implementation And Compliance,journal-article,2014,1,1,,International Journal Of Public Administration In The Digital Age,journal,crossref:2432,
doi:10.4018/ijsita.2017100105,Ontology Authoring And Linked Data Generation From Web Applications,journal-article,2017,4,8,,International Journal Of Strategic Information Technology And Applications,journal,crossref:2432,
doi:10.4018/jdsst.2011010102,Automated Diagnosis Through Ontologies And Logical Descriptions,journal-article,2011,1,3,,International Journal Of Decision Support System Technology,journal,crossref:2432,
doi:10.4028/www.scientific.net/amm.809-810.1281,A Generic Ontology For Product Structuring,journal-article,2015,,809-810,,Applied Mechanics And Materials,journal,crossref:2457,
doi:10.1007/s41870-019-00283-0,A Metric Suite To Analyse Strength Of Modularised Ontologies,journal-article,2019,3,11,,International Journal Of Information Technology,journal,crossref:297,
doi:10.1177/2055207618804927,The Use Of Computer-Interpretable Clinical Guidelines To Manage Care Complexities Of Patients With Multimorbid Conditions: A Review,journal-article,2018,,4,,Digital Health,journal,crossref:179,
doi:10.1007/s12136-018-0370-7,What Kind Of Ontological Categories For Geo-Ontologies?,journal-article,2018,2,34,,Acta Analytica,journal,crossref:297,
doi:10.1007/s12145-019-00398-9,Towards An Information Centric Flood Ontology For Information Management And Communication,journal-article,2019,4,12,,Earth Science Informatics,journal,crossref:297,
doi:10.1007/978-3-319-91189-2_11,"Financial Knowledge Instantiation From Semi-Structured, Heterogeneous Data Sources",book-chapter,2018,,,1,Advances In Intelligent Systems And Computing - Artificial Intelligence And Algorithms In Intelligent Systems,book,crossref:297,
doi:10.4258/hir.2018.24.4.376,Design And Construction Of A Nlp Based Knowledge Extraction Methodology In The Medical Domain Applied To Clinical Information,journal-article,2018,4,24,,Healthcare Informatics Research,journal,crossref:2780,
doi:10.1155/2015/734984,A Novel Ontology Approach To Support Design For Reliability Considering Environmental Effects,journal-article,2015,,2015,,The Scientific World Journal,journal,crossref:98,
doi:10.1186/s41039-019-0105-4,Integrating Multiple Data Sources For Learning Analytics—Review Of Literature,journal-article,2019,1,14,,Research And Practice In Technology Enhanced Learning,journal,crossref:297,
doi:10.1186/s41239-019-0146-1,Supporting Self-Regulated Learning And Personalization Using Eportfolios: A Semantic Approach Based On Learning Paths,journal-article,2019,1,16,,International Journal Of Educational Technology In Higher Education,journal,crossref:297,
doi:10.1007/978-3-030-00940-3_15,Sepoma: Semantic-Based Data Analysis For Political Marketing,book-chapter,2018,,,1,Communications In Computer And Information Science - Technologies And Innovation,book,crossref:297,
doi:10.1007/978-3-030-00940-3_6,Se-Diagenf: An Ontology-Based Expert System For Cattle Disease Diagnosis,book-chapter,2018,,,1,Communications In Computer And Information Science - Technologies And Innovation,book,crossref:297,
doi:10.3390/app9122553,Ontoimm: An Ontology For Product Intelligent Master Model,journal-article,2019,12,9,,Applied Sciences,journal,crossref:1968,
doi:10.1590/1981-5344/3306,Análise E Interpretação De Ideias: Proposta De Um Modelo,journal-article,2019,2,24,,Perspectivas Em Ciência Da Informação,journal,crossref:530,
doi:10.1007/s00530-019-00610-2,A Semantic Parliamentary Multimedia Approach For Retrieval Of Video Clips With Content Understanding,journal-article,2019,4,25,,Multimedia Systems,journal,crossref:297,
doi:10.1002/cpe.4489,Improving Semantic Similarity Retrieval With Word Embeddings,journal-article,2018,23,30,,Concurrency And Computation: Practice And Experience,journal,crossref:311,
doi:10.1111/exsy.12291,Designing Rule-Based Expert Systems With The Aid Of The Model-Driven Development Approach,journal-article,2018,5,35,,Expert Systems,journal,crossref:311,
doi:10.1111/exsy.12355,Efficient Management And Storage Of A Multiversion Owl 2 Dl Domain Ontology,journal-article,2018,2,36,,Expert Systems,journal,crossref:311,
doi:10.1111/exsy.12378,Converness: Ontology‐Driven Conversational Awareness And Context Understanding In Multimodal Dialogue Systems,journal-article,2019,1,37,,Expert Systems,journal,crossref:311,
doi:10.1111/exsy.12380,Onyx: A New Canvas‐Based Tool For Visualizing Biomedical And Health Ontologies,journal-article,2019,1,37,,Expert Systems,journal,crossref:311,
doi:10.3390/ijgi6120386,Benchmarking The Applicability Of Ontology In Geographic Object-Based Image Analysis,journal-article,2017,12,6,,Isprs International Journal Of Geo-Information,journal,crossref:1968,
doi:10.1111/cgf.13324,Viewing Visual Analytics As Model Building,journal-article,2018,6,37,,Computer Graphics Forum,journal,crossref:311,
doi:10.1007/978-3-030-69992-5_1,Knowledge Graphs Meet Crowdsourcing: A Brief Survey,book-chapter,2021,,,1,"Lecture Notes Of The Institute For Computer Sciences, Social Informatics And Telecommunications Engineering - Cloud Computing",book,crossref:297,
doi:10.1007/978-3-658-33466-6_32,Ontology-Driven And Integrated Automotive Systems Engineering,book-chapter,2021,,,1,Proceedings - 21. Internationales Stuttgarter Symposium,book,crossref:297,
doi:10.1016/j.inffus.2021.01.007,Ontology Integration: Approaches And Challenging Issues,journal-article,2021,,71,,Information Fusion,journal,crossref:78,
doi:10.3390/ijgi10060358,"Land Use Change Ontology And Traffic Prediction Through Recurrent Neural Networks: A Case Study In Calgary, Canada",journal-article,2021,6,10,,Isprs International Journal Of Geo-Information,journal,crossref:1968,
doi:10.1007/978-3-030-71292-1_39,A Semantic Framework For Chinese Historical Events Based On Linked Data And Knowledge Graph,book-chapter,2021,,,1,"Diversity, Divergence, Dialogue - Lecture Notes In Computer Science",book,crossref:297,
doi:10.3390/en14072024,Metadata Schemas And Ontologies For Building Energy Applications: A Critical Review And Use Case Analysis,journal-article,2021,7,14,,Energies,journal,crossref:1968,
doi:10.1016/j.compind.2021.103496,An Ontology For Reasoning Over Engineering Textual Data Stored In Fmea Spreadsheet Tables,journal-article,2021,,131,,Computers In Industry,journal,crossref:78,
doi:10.1186/s13174-021-00135-w,Evaluating Qualico: An Ontology To Facilitate Qualitative Methods Sharing To Support Open Science,journal-article,2021,1,12,,Journal Of Internet Services And Applications,journal,crossref:3742,
doi:10.1080/15230406.2021.1952109,Semantic Conflation In Giscience: A Systematic Review,journal-article,2021,6,48,,Cartography And Geographic Information Science,journal,crossref:301,
doi:10.1007/978-3-030-86970-0_23,"Analysis Of Ontology Quality Dimensions, Criteria And Metrics",book-chapter,2021,,,1,Computational Science And Its Applications – Iccsa 2021 - Lecture Notes In Computer Science,book,crossref:297,
doi:10.1017/s0269888921000114,Agent Mining Approaches: An Ontological View,journal-article,2021,,36,,The Knowledge Engineering Review,journal,crossref:56,
doi:10.1016/j.jcp.2021.110624,Theory-Guided Hard Constraint Projection (Hcp): A Knowledge-Based Data-Driven Scientific Machine Learning Method,journal-article,2021,,445,,Journal Of Computational Physics,journal,crossref:78,
doi:10.1007/978-3-030-82430-3_7,Knowledge Graphs And Linked Data For The Built Environment,book-chapter,2021,,,1,Structural Integrity - Industry 4.0 For The Built Environment,book,crossref:297,
doi:10.1016/j.cageo.2021.105005,Georeservoir: An Ontology For Deep-Marine Depositional System Geometry Description,journal-article,2022,,159,,Computers & Geosciences,journal,crossref:78,
doi:10.3390/su132413844,Approaching Healthy City Ontology: First-Level Classes Definition Using Bfo,journal-article,2021,24,13,,Sustainability,journal,crossref:1968,
doi:10.1108/oir-11-2020-0497,Ontologies Application In The Sharing Economy Domain: A Systematic Review,journal-article,2021,,,,Online Information Review,journal,crossref:140,
doi:10.3390/electronics10212616,Integration Strategy And Tool Between Formal Ontology And Graph Database Technology,journal-article,2021,21,10,,Electronics,journal,crossref:1968,
doi:10.3390/app11219825,Model And Knowledge Representation For The Reuse Of Design Process Knowledge Supporting Design Automation In Mass Customization,journal-article,2021,21,11,,Applied Sciences,journal,crossref:1968,
doi:10.3390/en14206692,Fair Metadata Standards For Low Carbon Energy Research—A Review Of Practices And How To Advance,journal-article,2021,20,14,,Energies,journal,crossref:1968,
doi:10.1080/00207543.2021.2002967,Actionable Cognitive Twins For Decision Making In Manufacturing,journal-article,2021,2,60,,International Journal Of Production Research,journal,crossref:301,
doi:10.3390/app12010143,Ontology-Based Nutritional Recommender System,journal-article,2021,1,12,,Applied Sciences,journal,crossref:1968,
doi:10.1007/978-3-030-89811-3_20,Challenges In The Implementation Of Privacy Enhancing Semantic Technologies (Pests) Supporting Gdpr,book-chapter,2021,,,1,Ai Approaches To The Complexity Of Legal Systems Xi-Xii - Lecture Notes In Computer Science,book,crossref:297,
doi:10.1016/j.is.2021.101967,Legal Information Retrieval Systems: State-Of-The-Art And Open Issues,journal-article,2022,,106,,Information Systems,journal,crossref:78,
doi:10.3390/app12010287,Ontology-Driven Cultural Heritage Conservation: A Case Of The Analects Of Confucius,journal-article,2021,1,12,,Applied Sciences,journal,crossref:1968,
doi:10.4018/978-1-6684-3702-5.ch037,Fuzzy Ontology For Requirements Determination And Documentation During Software Development,book-chapter,2022,,,0,,,,
doi:10.1016/j.eswa.2019.04.009,Legal Ontologies Over Time: A Systematic Mapping Study,journal-article,2019,,130,,Expert Systems With Applications,journal,crossref:78,
doi:10.1016/j.eswa.2019.112965,Automating The Expansion Of A Knowledge Graph,journal-article,2020,,141,,Expert Systems With Applications,journal,crossref:78,
doi:10.1016/j.jss.2018.09.069,Efficient Cloud Service Discovery Approach Based On Lda Topic Modeling,journal-article,2018,,146,,Journal Of Systems And Software,journal,crossref:78,
doi:10.1007/s10010-021-00466-x,Ontology For Maintenance Of Onshore Wind Turbines,journal-article,2021,2,85,,Forschung Im Ingenieurwesen,journal,crossref:297,
doi:10.3390/info12060236,Integrating Land-Cover Products Based On Ontologies And Local Accuracy,journal-article,2021,6,12,,Information,journal,crossref:1968,
doi:10.3390/app11062813,Ontology-Based Semantic Conceptualisation Of Historical Built Heritage To Generate Parametric Structured Models From Point Clouds,journal-article,2021,6,11,,Applied Sciences,journal,crossref:1968,
doi:10.1007/s40194-021-01151-x,Recommendations For An Open Science Approach To Welding Process Research Data,journal-article,2021,9,65,,Welding In The World,journal,crossref:297,
doi:10.1007/978-3-030-67708-4_5,A Conceptual Approximation Toward Occupational Safety And Health Within The Servitized Industry 4.0,book-chapter,2021,,,1,Lecture Notes In Management And Industrial Engineering - Organizational Engineering In Industry 4.0,book,crossref:297,
doi:10.1016/j.comcom.2021.04.024,Ontology Knowledge Base Combined With Bayesian Networks For Integrated Corridor Risk Warning,journal-article,2021,,174,,Computer Communications,journal,crossref:78,
doi:10.1007/978-3-030-80847-1_9,Developing A Knowledge Base On Climate Change For Metropolitan Cities,book-chapter,2021,,,1,Ifip Advances In Information And Communication Technology - Artificial Intelligence For Knowledge Management,book,crossref:297,
doi:10.1080/0194262x.2021.1920555,Bibliometric Analysis On Bibliometric-Based Ontology Research,journal-article,2021,4,40,,Science & Technology Libraries,journal,crossref:301,
doi:10.7466/jfbl.2020.38.4.1,An Ontology Of Intimate Partnerships For Social Big Data Research,journal-article,2020,4,38,,Journal Of Families And Better Life,journal,crossref:4340,
doi:10.3390/jrfm14060238,Intellectual Capital And Knowledge Management Research Towards Value Creation. From The Past To The Future,journal-article,2021,6,14,,Journal Of Risk And Financial Management,journal,crossref:1968,
doi:10.4018/978-1-7998-6792-0.ch005,Software Development Knowledge Management System Using Web Portal,book-chapter,2021,,,0,,,,
doi:10.1111/exsy.12748,Using Semantic Annotations On Political Debate Videos For Building Open Government Based Lawmaking,journal-article,2021,8,38,,Expert Systems,journal,crossref:311,
doi:10.3390/ani11010145,Myfishcheck: A Model To Assess Fish Welfare In Aquaculture,journal-article,2021,1,11,,Animals,journal,crossref:1968,
doi:10.3390/axioms10020093,Transdisciplinary Scientific Strategies For Soft Computing Development: Towards An Era Of Data And Business Analytics,journal-article,2021,2,10,,Axioms,journal,crossref:1968,
doi:10.4018/978-1-7998-6874-3.ch006,Semantically Enhanced Web Service For Global Supply Chain Disruption Management,book-chapter,2021,,,0,,,,
doi:10.3390/encyclopedia1010015,Ontologies In Knowledge Organization,journal-article,2021,1,1,,Encyclopedia,journal,crossref:1968,
doi:10.1016/j.compind.2020.103374,An Ontology-Based Framework To Formalize And Represent 4D Printing Knowledge In Design,journal-article,2021,,126,,Computers In Industry,journal,crossref:78,
doi:10.1017/s0890060421000147,Intelligent Product Redesign Strategy With Ontology-Based Fine-Grained Sentiment Analysis,journal-article,2021,3,35,,"Artificial Intelligence For Engineering Design, Analysis And Manufacturing",journal,crossref:56,
doi:10.3390/app11125633,Semantic Microservice Framework For Digital Twins,journal-article,2021,12,11,,Applied Sciences,journal,crossref:1968,
doi:10.3390/met11071025,A Decision Support System For Changes In Operation Modes Of The Copper Heap Leaching Process,journal-article,2021,7,11,,Metals,journal,crossref:1968,
doi:10.1007/978-3-030-79150-6_10,An Ontology-Based Concept For Meta Automl,book-chapter,2021,,,1,Ifip Advances In Information And Communication Technology - Artificial Intelligence Applications And Innovations,book,crossref:297,
doi:10.1111/nbu.12482,Personalised Nutrition For Healthy Living: The Protein Project,journal-article,2021,1,46,,Nutrition Bulletin,journal,crossref:311,
doi:10.1177/01655515211022185,Using Iso And Semantic Web Standard For Building A Multilingual Terminology E-Dictionary: A Use Case Of Chinese Ceramic Vases,journal-article,2021,,,,Journal Of Information Science,journal,crossref:179,
doi:10.1007/s11069-021-04742-5,Integration Of A Geo-Ontology-Based Knowledge Model And Spatial Analysis Into Emergency Response For Geologic Hazards,journal-article,2021,2,108,,Natural Hazards,journal,crossref:297,
doi:10.3390/asi4010021,An Ontological Approach For Early Detection Of Suspected Covid-19 Among Copd Patients,journal-article,2021,1,4,,Applied System Innovation,journal,crossref:1968,
doi:10.3390/electronics10080905,Knowledge-Based System For Crop Pests And Diseases Recognition,journal-article,2021,8,10,,Electronics,journal,crossref:1968,
doi:10.3390/app11157056,Towards Collaborative And Dynamic Spectrum Sharing Via Interpretation Of Spectrum Access Policies,journal-article,2021,15,11,,Applied Sciences,journal,crossref:1968,
doi:10.1007/978-3-030-79022-6_10,Ontology-Driven Audit Using The Rea-Ontology,book-chapter,2021,,,1,Lecture Notes In Business Information Processing - Advanced Information Systems Engineering Workshops,book,crossref:297,
doi:10.1002/widm.1413,Incorporating Domain Ontology Information Into Clustering In Heterogeneous Networks,journal-article,2021,4,11,,Wires Data Mining And Knowledge Discovery,journal,crossref:311,
doi:10.1007/978-3-030-72657-7_24,Automatic Classifier Of Scientific Contents,book-chapter,2021,,,1,Advances In Intelligent Systems And Computing - Trends And Applications In Information Systems And Technologies,book,crossref:297,
doi:10.4018/978-1-5225-7501-6.ch036,Supply Chain Coordination Based On Web Service,book-chapter,2019,,,0,,,,
doi:10.4018/978-1-5225-8223-6.ch008,Semantic Web Service For Global Apparel Business,book-chapter,2019,,,0,,,,
doi:10.1080/0951192x.2019.1571236,Prima: A Prescriptive Maintenance Model For Cyber-Physical Production Systems,journal-article,2019,4-5,32,,International Journal Of Computer Integrated Manufacturing,journal,crossref:301,
doi:10.1080/0951192x.2019.1599443,Enhancing Supply Chain Resilience Using Ontology-Based Decision Support System,journal-article,2019,7,32,,International Journal Of Computer Integrated Manufacturing,journal,crossref:301,
doi:10.1080/09544828.2019.1643830,Analogical Stimuli Retrieval Approach Based On R-Sbf Ontology Model,journal-article,2019,10-12,30,,Journal Of Engineering Design,journal,crossref:301,
doi:10.1007/978-3-319-61911-8_13,Sentiment Polarity Detection In Social Networks: An Approach For Asthma Disease Management,book-chapter,2017,,,1,Advanced Computational Methods For Knowledge Engineering - Advances In Intelligent Systems And Computing,book,crossref:297,
doi:10.1007/978-3-319-67283-0_4,An Ontology-Based Decision Support System For The Management Of Home Gardens,book-chapter,2017,,,1,Communications In Computer And Information Science - Technologies And Innovation,book,crossref:297,
doi:10.1108/jd-10-2017-0139,User Conceptualizations Of Derivative Relationships In The Bibliographic Universe,journal-article,2018,4,74,,Journal Of Documentation,journal,crossref:140,
doi:10.1007/978-3-030-24289-3_20,A Knowledge-Based Computational Environment For Real-World Data Processing,book-chapter,2019,,,1,Computational Science And Its Applications – Iccsa 2019 - Lecture Notes In Computer Science,book,crossref:297,
doi:10.1017/s0269888916000011,Scientific Knowledge Engineering: A Conceptual Delineation And Overview Of The State Of The Art,journal-article,2016,2,31,,The Knowledge Engineering Review,journal,crossref:56,
doi:10.1017/s0269888918000139,Knowledge Machines,journal-article,2018,,33,,The Knowledge Engineering Review,journal,crossref:56,
doi:10.4018/978-1-5225-0956-1.ch009,Supply Chain Coordination Based On Web Service,book-chapter,2017,,,0,,,,
doi:10.1007/978-3-030-30760-8_23,Information Governance Maturity Assessment Using Enterprise Architecture Model Analysis And Description Logics,book-chapter,2019,,,1,Digital Libraries For Open Knowledge - Lecture Notes In Computer Science,book,crossref:297,
doi:10.1007/s11095-017-2308-y,Model-Based Methods In The Biopharmaceutical Process Lifecycle,journal-article,2017,12,34,,Pharmaceutical Research,journal,crossref:297,
doi:10.1007/978-3-319-74433-9_2,Semantic Discovery In The Web Of Things,book-chapter,2018,,,1,Current Trends In Web Engineering - Lecture Notes In Computer Science,book,crossref:297,
doi:10.1017/s1351324918000347,Models To Represent Linguistic Linked Data,journal-article,2018,6,24,,Natural Language Engineering,journal,crossref:56,
doi:10.1007/978-3-030-10728-4_4,A Rule-Based Expert System For Cow Disease Diagnosis,book-chapter,2018,,,1,Ict For Agriculture And Environment - Advances In Intelligent Systems And Computing,book,crossref:297,
doi:10.1002/ett.3625,Cognitive Internet Of Vehicles And Disaster Management: A Proposed Architecture And Future Direction,journal-article,2019,,,,Transactions On Emerging Telecommunications Technologies,journal,crossref:311,
doi:10.1186/s40561-017-0046-6,Evaluating The Quality Of The Ontology-Based Auto-Generated Questions,journal-article,2017,1,4,,Smart Learning Environments,journal,crossref:297,
doi:10.1017/aer.2019.74,Semantics-Based Summarisation Of Atm Information,journal-article,2019,1268,123,,The Aeronautical Journal,journal,crossref:56,
doi:10.1080/00207543.2017.1415468,Human Resource Optimisation Through Semantically Enriched Data,journal-article,2017,8,56,,International Journal Of Production Research,journal,crossref:301,
doi:10.1680/jmapl.17.00052,An Ontology-Based Data Integration Framework For Construction Information Management,journal-article,2018,3,171,,"Proceedings Of The Institution Of Civil Engineers - Management, Procurement And Law",journal,crossref:735,
doi:10.1186/s13326-017-0154-9,Analysis And Visualization Of Disease Courses In A Semantically-Enabled Cancer Registry,journal-article,2017,1,8,,Journal Of Biomedical Semantics,journal,crossref:297,
doi:10.1186/s13326-017-0158-5,A Histological Ontology Of The Human Cardiovascular System,journal-article,2017,1,8,,Journal Of Biomedical Semantics,journal,crossref:297,
doi:10.1109/access.2016.2621756,A New Fuzzy Ontology Development Methodology (Fodm) Proposal,journal-article,2016,,4,,Ieee Access,journal,crossref:263,
doi:10.1109/access.2017.2734681,Network Security Situation Awareness Based On Semantic Ontology And User-Defined Rules For Internet Of Things,journal-article,2017,,5,,Ieee Access,journal,crossref:263,
doi:10.1109/tip.2016.2552401,Ontology-Based Semantic Image Segmentation Using Mixture Models And Multiple Crfs,journal-article,2016,7,25,,Ieee Transactions On Image Processing,journal,crossref:263,
doi:10.3390/app10020591,An Analytical Game For Knowledge Acquisition For Maritime Behavioral Analysis Systems,journal-article,2020,2,10,,Applied Sciences,journal,crossref:1968,
doi:10.3390/app10031040,Agrient: A Knowledge-Based Web Platform For Managing Insect Pests Of Field Crops,journal-article,2020,3,10,,Applied Sciences,journal,crossref:1968,
doi:10.1007/s12652-019-01561-2,Using Lot Methodology To Develop A Noise Pollution Ontology: A Spanish Use Case,journal-article,2019,11,11,,Journal Of Ambient Intelligence And Humanized Computing,journal,crossref:297,
doi:10.36702/zin.495,Deconstructing The Scholarly Paper. Ontologies For Semantic Publishing,journal-article,2019,1(113),57,,Zagadnienia Informacji Naukowej - Studia Informacyjne,journal,crossref:22695,
doi:10.1007/978-3-030-37933-9_8,Maturity Assessment Of Togaf Adm Using Enterprise Architecture Model Analysis And Description Logics,book-chapter,2020,,,1,Advances In Enterprise Engineering Xiii - Lecture Notes In Business Information Processing,book,crossref:297,
doi:10.1007/978-3-030-35249-3_66,Knowledge Base Intelligent System Of Optimal Locations For Safe Water Wells,book-chapter,2019,,,1,"Advances In Intelligent Systems And Computing - 10Th International Conference On Theory And Application Of Soft Computing, Computing With Words And Perceptions - Icsccw-2019",book,crossref:297,
doi:10.1007/978-3-030-34146-6_23,The Ontooo-Method: An Ontology-Driven Conceptual Modeling Approach For Evolving The Oo-Method,book-chapter,2019,,,1,Lecture Notes In Computer Science - Advances In Conceptual Modeling,book,crossref:297,
doi:10.1007/978-3-030-42517-3_1,Comparative Study Of Rdf And Owl Ontology Languages As Support For The Semantic Web,book-chapter,2020,,,1,Communications In Computer And Information Science - Applied Technologies,book,crossref:297,
doi:10.4018/978-1-7998-1863-2.ch002,Fuzzy Ontology For Requirements Determination And Documentation During Software Development,book-chapter,2020,,,0,,,,
doi:10.4018/978-1-7998-1934-9.ch013,Model Based On Ontological Engineering As Support For Stakeholder Management,book-chapter,2020,,,0,,,,
doi:10.4018/978-1-7998-2104-5.ch009,Contemporary Archival Description As Required Digital Competence Of Today'S Archivists,book-chapter,2020,,,0,,,,
doi:10.1017/s0269888919000237,A Review And Comparison Of Ontology-Based Approaches To Robot Autonomy,journal-article,2019,,34,,The Knowledge Engineering Review,journal,crossref:56,
doi:10.3390/app10072277,The Systematic Design Of Industrial Products Through Design Archetypes: An Application On Mechanical Transmissions,journal-article,2020,7,10,,Applied Sciences,journal,crossref:1968,
doi:10.1590/1678-9865202032e180077,Construcción De Una Red De Ontologías Sobre Eventos Meteorológicos A Partir De Periódicos Históricos,journal-article,2020,,32,,Transinformação,journal,crossref:530,
doi:10.3390/su11236549,Social Parking: Applying The Citizens As Sensors Paradigm To Parking Guidance And Information,journal-article,2019,23,11,,Sustainability,journal,crossref:1968,
doi:10.1007/978-3-030-39459-2_2,Optimized Term Extraction Method Based On Computing Merged Partial C-Values,book-chapter,2020,,,1,"Information And Communication Technologies In Education, Research, And Industrial Applications - Communications In Computer And Information Science",book,crossref:297,
doi:10.1007/s11629-019-5576-7,Augmented Planning Support System Framework For Mountainous Urban Master Planning,journal-article,2020,4,17,,Journal Of Mountain Science,journal,crossref:297,
doi:10.1007/978-3-030-45442-5_15,Machine-Actionable Data Management Plans: A Knowledge Retrieval Approach To Automate The Assessment Of Funders’ Requirements,book-chapter,2020,,,1,Lecture Notes In Computer Science - Advances In Information Retrieval,book,crossref:297,
doi:10.1007/s10115-020-01498-5,Snowl Model: Social Networks Unification-Based Semantic Data Integration,journal-article,2020,11,62,,Knowledge And Information Systems,journal,crossref:297,
doi:10.1007/s12652-020-02150-4,Ontological Concepts For Information Sharing In Cloud Robotics,journal-article,2020,,,,Journal Of Ambient Intelligence And Humanized Computing,journal,crossref:297,
doi:10.1017/s0266462320000471,"Exploring The Identification, Validation, And Categorization Of The Cost And Benefits Of Criminal Justice In Mental Health: The Pecunia Project",journal-article,2020,4,36,,International Journal Of Technology Assessment In Health Care,journal,crossref:56,
doi:10.1177/1420326x20952817,Simulated Physical Ageing: A Prioritized Persona-Based Model For Accessible Interiors In Senior Housing Environments,journal-article,2020,,,,Indoor And Built Environment,journal,crossref:179,
doi:10.4018/978-1-7998-4240-8.ch004,Sentiment Analysis As A Restricted Nlp Problem,book-chapter,2021,,,0,,,,
doi:10.1108/ajim-11-2019-0320,Participatory Design For Ontologies: A Case Study Of An Open Science Ontology For Qualitative Coding Schemas,journal-article,2020,4,72,,Aslib Journal Of Information Management,journal,crossref:140,
doi:10.3390/ijgi9100588,A Built Heritage Information System Based On Point Cloud Data: His-Pc,journal-article,2020,10,9,,Isprs International Journal Of Geo-Information,journal,crossref:1968,
doi:10.1002/eng2.12217,What Is Knowledge In Industry 4.0?,journal-article,2020,8,2,,Engineering Reports,journal,crossref:311,
doi:10.1111/exsy.12629,A Semantic‐Enabled And Context‐Aware Monitoring System For The Internet Of Medical Things,journal-article,2020,2,38,,Expert Systems,journal,crossref:311,
doi:10.1007/978-3-030-62015-8_2,Croppesto: An Ontology Model For Identifying And Managing Plant Pests And Diseases,book-chapter,2020,,,1,Communications In Computer And Information Science - Technologies And Innovation,book,crossref:297,
doi:10.3390/designs4040047,Sympérasmology: A Proposal For The Theory Of Synthetic System Knowledge,journal-article,2020,4,4,,Designs,journal,crossref:1968,
doi:10.3390/en13153990,Constrained Generation Bids In Local Electricity Markets: A Semantic Approach,journal-article,2020,15,13,,Energies,journal,crossref:1968,
doi:10.1007/978-3-030-63799-6_17,Semantic Technologies Towards Accountable Artificial Intelligence: A Poultry Chain Management Use Case,book-chapter,2020,,,1,Lecture Notes In Computer Science - Artificial Intelligence Xxxvii,book,crossref:297,
doi:10.1007/978-3-030-64058-3_67,Artificial Intelligence For Lassa Fever Diagnosis System,book-chapter,2021,,,1,Advances In Intelligent Systems And Computing - 14Th International Conference On Theory And Application Of Fuzzy Systems And Soft Computing – Icafs-2020,book,crossref:297,
doi:10.1007/978-3-030-65847-2_11,Mapping The Web Ontology Language To The Openapi Specification,book-chapter,2020,,,1,Lecture Notes In Computer Science - Advances In Conceptual Modeling,book,crossref:297,
doi:10.15407/csc.2020.04.044,Ontology Application To Construct Inductive Modeling Tools With Intelligent Interface,journal-article,2020,4 (288),,,Control Systems And Computers,journal,crossref:6225,
doi:10.1108/jmtm-04-2020-0137,Application Of Design Thinking To Product-Configuration Projects,journal-article,2020,1,32,,Journal Of Manufacturing Technology Management,journal,crossref:140,
doi:10.1186/s12911-020-01291-y,Analysis Of Readability And Structural Accuracy In Snomed Ct,journal-article,2020,S10,20,,Bmc Medical Informatics And Decision Making,journal,crossref:297,
doi:10.2196/20443,Ontological Organization And Bioinformatic Analysis Of Adverse Drug Reactions From Package Inserts: Development And Usability Study,journal-article,2020,7,22,,Journal Of Medical Internet Research,journal,crossref:1010,
doi:10.1016/j.jvolgeores.2014.07.012,Knowledge Engineering In Volcanology: Practical Claims And General Approach,journal-article,2014,,286,,Journal Of Volcanology And Geothermal Research,journal,crossref:78,
doi:10.1016/j.cirpj.2018.06.002,A Problem-Solving Ontology For Human-Centered Cyber Physical Production Systems,journal-article,2018,,22,,Cirp Journal Of Manufacturing Science And Technology,journal,crossref:78,
doi:10.1016/j.ijinfomgt.2016.05.022,Towards Knowledge Modeling And Manipulation Technologies: A Survey,journal-article,2016,6,36,,International Journal Of Information Management,journal,crossref:78,
doi:10.1016/j.cmpb.2014.01.020,Bioss: A System For Biomedical Ontology Selection,journal-article,2014,1,114,,Computer Methods And Programs In Biomedicine,journal,crossref:78,
doi:10.1016/j.comcom.2019.02.002,The Mom Of Context-Aware Systems: A Survey,journal-article,2019,,137,,Computer Communications,journal,crossref:78,
doi:10.1016/j.eswa.2014.03.022,Feature-Based Opinion Mining Through Ontologies,journal-article,2014,13,41,,Expert Systems With Applications,journal,crossref:78,
doi:10.1016/j.eswa.2020.113843,Development Of A Consumer Financial Goals Ontology For Use With Fintech Applications For Improving Financial Capability,journal-article,2021,,165,,Expert Systems With Applications,journal,crossref:78,
doi:10.1016/j.ecoinf.2017.06.003,Ontology-Based Support For Taxonomic Functions,journal-article,2017,,41,,Ecological Informatics,journal,crossref:78,
doi:10.1016/j.datak.2014.07.006,Reducing The Gap Between Experts' Knowledge And Data: The Tom4D Methodology,journal-article,2014,,94,,Data & Knowledge Engineering,journal,crossref:78,
doi:10.1016/j.cmpb.2013.12.023,Ontology Driven Decision Support For The Diagnosis Of Mild Cognitive Impairment,journal-article,2014,3,113,,Computer Methods And Programs In Biomedicine,journal,crossref:78,
doi:10.1016/j.cosrev.2020.100339,Ontology Learning: Grand Tour And Challenges,journal-article,2021,,39,,Computer Science Review,journal,crossref:78,
doi:10.1016/j.rser.2015.04.021,Ontology Of Ground Source Heat Pump,journal-article,2015,,49,,Renewable And Sustainable Energy Reviews,journal,crossref:78,
doi:10.1016/j.scico.2018.01.003,An Ontology-Based Approach With Which To Assign Human Resources To Software Projects,journal-article,2018,,156,,Science Of Computer Programming,journal,crossref:78,
doi:10.1016/j.rcim.2019.05.010,Core Domain Ontology For Joining Processes To Consolidate Welding Standards,journal-article,2019,,59,,Robotics And Computer-Integrated Manufacturing,journal,crossref:78,
doi:10.1016/j.aei.2018.10.009,Modelling Residual Value Risk Through Ontology To Address Vulnerability Of Ppp Project System,journal-article,2018,,38,,Advanced Engineering Informatics,journal,crossref:78,
doi:10.1016/j.future.2018.01.062,Experience Based Knowledge Representation For Internet Of Things And Cyber Physical Systems With Case Studies,journal-article,2019,,92,,Future Generation Computer Systems,journal,crossref:78,
doi:10.1016/j.pmcj.2016.03.001,Towards A Social And Context-Aware Mobile Recommendation System For Tourism,journal-article,2017,,38,,Pervasive And Mobile Computing,journal,crossref:78,
doi:10.1016/j.jmsy.2014.05.003,Development Of A Hybrid Manufacturing Cloud,journal-article,2014,4,33,,Journal Of Manufacturing Systems,journal,crossref:78,
doi:10.1016/j.compind.2019.05.003,Ontology-Based Systems Engineering: A State-Of-The-Art Review,journal-article,2019,,111,,Computers In Industry,journal,crossref:78,
doi:10.1016/j.knosys.2013.10.006,Ontology-Based Annotation And Retrieval Of Services In The Cloud,journal-article,2014,,56,,Knowledge-Based Systems,journal,crossref:78,
doi:10.1016/j.compchemeng.2016.05.018,Semantically Enabled Process Synthesis And Optimisation,journal-article,2016,,93,,Computers & Chemical Engineering,journal,crossref:78,
doi:10.1016/j.compmedimag.2014.09.004,Towards Semantic-Driven High-Content Image Analysis: An Operational Instantiation For Mitosis Detection In Digital Histopathology,journal-article,2015,,42,,Computerized Medical Imaging And Graphics,journal,crossref:78,
doi:10.1016/j.jbusres.2019.05.016,Estimating Deception In Consumer Reviews Based On Extreme Terms: Comparison Analysis Of Open Vs. Closed Hotel Reservation Platforms,journal-article,2019,,102,,Journal Of Business Research,journal,crossref:78,
doi:10.1016/j.autcon.2019.102956,Managing Interrelated Project Information In Aec Knowledge Graphs,journal-article,2019,,108,,Automation In Construction,journal,crossref:78,
doi:10.1016/j.compind.2014.02.017,"Erp 2.0, What For And How?",journal-article,2014,6,65,,Computers In Industry,journal,crossref:78,
doi:10.1016/j.measurement.2018.01.009,A Mathematical Evaluation For Measuring Correctness Of Domain Ontologies Using Concept Maps,journal-article,2018,,118,,Measurement,journal,crossref:78,
doi:10.1016/j.cose.2018.07.013,Leveraging Ontologies And Machine-Learning Techniques For Malware Analysis Into Android Permissions Ecosystems,journal-article,2018,,78,,Computers & Security,journal,crossref:78,
doi:10.1016/j.jbi.2019.103293,Making Work Visible For Electronic Phenotype Implementation: Lessons Learned From The Emerge Network,journal-article,2019,,99,,Journal Of Biomedical Informatics,journal,crossref:78,
doi:10.1080/15230406.2019.1647797,Semantic Relatedness Algorithm For Keyword Sets Of Geographic Metadata,journal-article,2019,2,47,,Cartography And Geographic Information Science,journal,crossref:301,
doi:10.3390/bdcc2030025,Exploiting Inter- And Intra-Base Crossing With Multi-Mappings: Application To Environmental Data,journal-article,2018,3,2,,Big Data And Cognitive Computing,journal,crossref:1968,
doi:10.1080/17538947.2016.1266041,Multidimensional And Quantitative Interlinking Approach For Linked Geospatial Data,journal-article,2017,9,10,,International Journal Of Digital Earth,journal,crossref:301,
doi:10.1016/j.earscirev.2018.07.006,Geospatial Sensor Web: A Cyber-Physical Infrastructure For Geoscience Research And Application,journal-article,2018,,185,,Earth-Science Reviews,journal,crossref:78,
doi:10.1007/s00778-019-00564-x,Dataset Search: A Survey,journal-article,2019,1,29,,The Vldb Journal,journal,crossref:297,
doi:10.1111/jace.16677,Data‐Driven Glass/Ceramic Science Research: Insights From The Glass And Ceramic And Data Science/Informatics Communities,journal-article,2019,11,102,,Journal Of The American Ceramic Society,journal,crossref:311,
doi:10.1108/ijpsm-02-2018-0062,"Balancing Control, Usability And Visibility Of Linked Open Government Data To Create Public Value",journal-article,2019,5,32,,International Journal Of Public Sector Management,journal,crossref:140,
doi:10.1007/978-3-030-30796-7_27,An Assessment Of Adoption And Quality Of Linked Data In European Open Government Data,book-chapter,2019,,,1,Lecture Notes In Computer Science - The Semantic Web – Iswc 2019,book,crossref:297,
doi:10.1007/s00778-019-00591-8,Top-K Relevant Semantic Place Retrieval On Spatiotemporal Rdf Data,journal-article,2019,4,29,,The Vldb Journal,journal,crossref:297,
doi:10.1093/ije/dyz051,"Availability, Access, Analysis And Dissemination Of Small-Area Data",journal-article,2020,Supplement_1,49,,International Journal Of Epidemiology,journal,crossref:286,
doi:10.1007/978-3-030-62466-8_41,Google Dataset Search By The Numbers,book-chapter,2020,,,1,Lecture Notes In Computer Science - The Semantic Web – Iswc 2020,book,crossref:297,
doi:10.1016/j.envsoft.2015.12.005,An Expandable Web-Based Platform For Visually Analyzing Basin-Scale Hydro-Climate Time Series Data,journal-article,2016,,78,,Environmental Modelling & Software,journal,crossref:78,
doi:10.1155/2021/3591034,Operational Considerations Regarding On-Demand Air Mobility: A Literature Review And Research Challenges,journal-article,2021,,2021,,Journal Of Advanced Transportation,journal,crossref:98,
doi:10.1016/j.datak.2018.10.002,An Ontology-Based Approach To Knowledge Representation For Computer-Aided Control System Design,journal-article,2018,,118,,Data & Knowledge Engineering,journal,crossref:78,
doi:10.1007/978-981-33-4565-2_3,A Model Devops Framework For Saas In The Cloud,book-chapter,2021,,,1,"Advances And Applications In Computer Science, Electronics And Industrial Engineering - Advances In Intelligent Systems And Computing",book,crossref:297,
doi:10.1038/s41597-021-00797-y,An Empirical Meta-Analysis Of The Life Sciences Linked Open Data On The Web,journal-article,2021,1,8,,Scientific Data,journal,crossref:297,
doi:10.3390/su13116407,Knowledge System Supporting Its Deployment,journal-article,2021,11,13,,Sustainability,journal,crossref:1968,
doi:10.3390/electronics10091060,Collaborative Ontology Engineering Methodologies For The Development Of Decision Support Systems: Case Studies In The Healthcare Domain,journal-article,2021,9,10,,Electronics,journal,crossref:1968,
doi:10.3390/info12100432,An Ontological Approach To Enhancing Information Sharing In Disaster Response,journal-article,2021,10,12,,Information,journal,crossref:1968,
doi:10.1111/exsy.12851,Development Methodologies For Ontology‐Based Knowledge Management Systems: A Review,journal-article,2021,2,39,,Expert Systems,journal,crossref:311,
doi:10.3390/data3040044,Crc806-Kb: A Semantic Mediawiki Based Collaborative Knowledge Base For An Interdisciplinary Research Project,journal-article,2018,4,3,,Data,journal,crossref:1968,
doi:10.3390/sym11030309,Handling Semantic Complexity Of Big Data Using Machine Learning And Rdf Ontology Model,journal-article,2019,3,11,,Symmetry,journal,crossref:1968,
doi:10.1007/s10462-019-09693-9,A Comprehensive Review Of Type-2 Fuzzy Ontology,journal-article,2019,2,53,,Artificial Intelligence Review,journal,crossref:297,
doi:10.1080/23311916.2016.1193959,Poem: Practical Ontology Engineering Model For Semantic Web Ontologies,journal-article,2016,1,3,,Cogent Engineering,journal,crossref:301,
doi:10.4018/978-1-4666-2494-8.ch016,Mining Sentiment Using Conversation Ontology,book-chapter,2013,,,0,,,,
doi:10.1080/1206212x.2019.1574950,Development And Evaluation Of Knowledge Treasure For Emergency Situation Awareness,journal-article,2019,5,43,,International Journal Of Computers And Applications,journal,crossref:301,
doi:10.4018/ijdibe.2019010104,An Ontology For Detailed Measurement Of Building Works Using Semantic Web Technology,journal-article,2019,1,8,,International Journal Of Digital Innovation In The Built Environment,journal,crossref:2432,
doi:10.1017/s0021859619000820,Addressing The ‘Tower Of Babel’ Of Pesticide Regulations: An Ontology For Supporting Pest-Control Decisions,journal-article,2019,6,157,,The Journal Of Agricultural Science,journal,crossref:56,
doi:10.1007/s10639-020-10226-z,Ontologies In Education – State Of The Art,journal-article,2020,6,25,,Education And Information Technologies,journal,crossref:297,
doi:10.1093/jamia/ocaa061,"Development Of The Gender, Sex, And Sexual Orientation Ontology: Evaluation And Workflow",journal-article,2020,7,27,,Journal Of The American Medical Informatics Association,journal,crossref:286,
doi:10.1016/j.ssci.2019.05.029,Extracting Safety Information From Multi-Lingual Accident Reports Using An Ontology-Based Approach,journal-article,2019,,118,,Safety Science,journal,crossref:78,
doi:10.1016/j.jclepro.2015.08.088,An Ontology-Based Decision Support Tool For Optimizing Domestic Solar Hot Water System Selection,journal-article,2016,,112,,Journal Of Cleaner Production,journal,crossref:78,
doi:10.1016/j.is.2015.02.003,Incorporating Ontology-Based Semantics Into Conceptual Modelling,journal-article,2015,,52,,Information Systems,journal,crossref:78,
doi:10.4018/978-1-5225-9687-5.ch002,Ontology-Based Open Tourism Data Integration Framework,book-chapter,2020,,,0,,,,
doi:10.1007/s10796-016-9631-4,Compliance Management Ontology – A Shared Conceptualization For Research And Practice In Compliance Management,journal-article,2016,5,18,,Information Systems Frontiers,journal,crossref:297,
doi:10.1007/978-3-030-30859-9_5,Semantic Interoperability In Iot: A Systematic Mapping,book-chapter,2019,,,1,"Lecture Notes In Computer Science - Internet Of Things, Smart Spaces, And Next Generation Networks And Systems",book,crossref:297,
doi:10.29375/25392115.3227,Creation Of A Consulting Tool And Implementation Of An Ontology For A Master’S Degree Program In Computer Sciences,journal-article,2018,1,19,,Revista Colombiana De Computación,journal,crossref:11929,
doi:10.1007/978-3-030-01762-0_12,Maintaining A Linked Data Cloud And Data Service For Second World War History,book-chapter,2018,,,1,"Digital Heritage. Progress In Cultural Heritage: Documentation, Preservation, And Protection - Lecture Notes In Computer Science",book,crossref:297,
doi:10.4018/978-1-5225-7186-5.ch011,Towards Patient-Centric Healthcare,book-chapter,2019,,,0,,,,
doi:10.1007/978-3-030-20485-3_11,Triggering Ontology Alignment Revalidation Based On The Degree Of Change Significance On The Ontology Concept Level,book-chapter,2019,,,1,Business Information Systems - Lecture Notes In Business Information Processing,book,crossref:297,
doi:10.1080/00207543.2017.1421785,A Novel Approach For Analysing Evolutional Motivation Of Empirical Engineering Knowledge,journal-article,2018,8,56,,International Journal Of Production Research,journal,crossref:301,
doi:10.1111/tgis.12602,"Categories Are In Flux, But Their Computational Representations Are Fixed: That'S A Problem",journal-article,2020,2,24,,Transactions In Gis,journal,crossref:311,
doi:10.1007/978-3-030-50316-1_26,Ontology Evolution In The Context Of Model-Based Secure Software Engineering,book-chapter,2020,,,1,Research Challenges In Information Science - Lecture Notes In Business Information Processing,book,crossref:297,
doi:10.1007/s12008-020-00712-6,"Knowledge Management For Modeled Heritage Objects, Requirement Specifications Towards A Tool For Heterogeneity Embracing",journal-article,2020,4,14,,International Journal On Interactive Design And Manufacturing (Ijidem),journal,crossref:297,
doi:10.1016/j.jss.2018.06.039,Analytical Metadata Modeling For Next Generation Bi Systems,journal-article,2018,,144,,Journal Of Systems And Software,journal,crossref:78,
doi:10.1016/j.jcss.2015.06.001,Dynamic Class Hierarchy Management For Multi-Version Ontology-Based Personalization,journal-article,2016,1,82,,Journal Of Computer And System Sciences,journal,crossref:78,
doi:10.1007/s10209-021-00791-6,An Ontology-Based Framework For Improving Color Vision Deficiency Accessibility,journal-article,2021,,,,Universal Access In The Information Society,journal,crossref:297,
doi:10.3390/electronics10141650,Improving Recommendations For Online Retail Markets Based On Ontology Evolution,journal-article,2021,14,10,,Electronics,journal,crossref:1968,
doi:10.1016/j.compind.2021.103449,"Exploiting Knowledge Graphs In Industrial Products And Services: A Survey Of Key Aspects, Challenges, And Future Perspectives",journal-article,2021,,129,,Computers In Industry,journal,crossref:78,
doi:10.1007/978-3-030-71187-0_107,A Survey On Versioning Approaches And Tools,book-chapter,2021,,,1,Advances In Intelligent Systems And Computing - Intelligent Systems Design And Applications,book,crossref:297,
doi:10.1016/j.websem.2021.100658,Beware Of The Hierarchy — An Analysis Of Ontology Evolution And The Materialisation Impact For Biomedical Ontologies,journal-article,2021,,70,,Journal Of Web Semantics,journal,crossref:78,
doi:10.1108/bpmj-05-2019-0183,Knowledge Management In Improving Business Process: An Interpretative Framework For Successful Implementation Of Ai–Crm–Km System In Organizations,journal-article,2020,6,26,,Business Process Management Journal,journal,crossref:140,
doi:10.4018/ijegr.2019070102,Personal Data Sharing And Legal Issues Of Human Rights In The Era Of Artificial Intelligence,journal-article,2019,3,15,,International Journal Of Electronic Government Research,journal,crossref:2432,
doi:10.1007/978-3-030-33246-4_14,Using Maps For Interlinking Geospatial Linked Data,book-chapter,2019,,,1,Lecture Notes In Computer Science - On The Move To Meaningful Internet Systems: Otm 2019 Conferences,book,crossref:297,
doi:10.3989/redc.2019.4.1605,Revisión Del Cumplimiento De Los Datos Abiertos Por Los Ayuntamientos Españoles En La Iniciativa Aporta,journal-article,2019,4,42,,Revista Española De Documentación Científica,journal,crossref:2373,
doi:10.1145/3190576,Experience,journal-article,2017,4,9,,Journal Of Data And Information Quality,journal,crossref:320,
doi:10.1007/s42421-020-00023-y,A Rubric-Driven Evaluation Of Open Data Portals And Their Data In Transportation,journal-article,2020,2,2,,Journal Of Big Data Analytics In Transportation,journal,crossref:297,
doi:10.1016/j.ijinfomgt.2019.05.008,The Dual Effects Of The Internet Of Things (Iot): A Systematic Review Of The Benefits And Risks Of Iot Adoption By Organizations,journal-article,2020,,51,,International Journal Of Information Management,journal,crossref:78,
doi:10.1016/j.cities.2019.03.009,Investigating The Barriers Faced By Stakeholders In Open Data Development: A Study On Hong Kong As A “Smart City”,journal-article,2019,,92,,Cities,journal,crossref:78,
doi:10.1016/j.bdr.2016.10.001,Producing Linked Data For Smart Cities: The Case Of Catania,journal-article,2017,,7,,Big Data Research,journal,crossref:78,
doi:10.1016/j.scitotenv.2019.03.440,Towards More Effective Online Environmental Information Provision Through Tailored Natural Language Generation: Profiles Of Scottish River User Groups And An Evaluative Online Experiment,journal-article,2019,,673,,Science Of The Total Environment,journal,crossref:78,
doi:10.1016/j.giq.2018.10.006,A Prioritization-Based Analysis Of Local Open Government Data Portals: A Case Study Of Chinese Province-Level Governments,journal-article,2018,4,35,,Government Information Quarterly,journal,crossref:78,
doi:10.1016/j.jbi.2020.103504,A Knowledge-Based System To Find Over-The-Counter Medicines For Self-Medication,journal-article,2020,,108,,Journal Of Biomedical Informatics,journal,crossref:78,
doi:10.1016/j.giq.2018.11.004,Big And Open Linked Data Analytics Ecosystem: Theoretical Background And Essential Elements,journal-article,2019,1,36,,Government Information Quarterly,journal,crossref:78,
doi:10.1016/j.eswa.2019.113135,Iota: Interlinking Of Heterogeneous Multilingual Open Fiscal Data,journal-article,2020,,147,,Expert Systems With Applications,journal,crossref:78,
doi:10.1016/j.jlamp.2014.12.005,Minimal Type Inference For Linked Data Consumers,journal-article,2015,4,84,,Journal Of Logical And Algebraic Methods In Programming,journal,crossref:78,
doi:10.1177/00208523211009955,Understanding The Evolution Of Open Government Data Research: Towards Open Data Sustainability And Smartness,journal-article,2021,,,,International Review Of Administrative Sciences,journal,crossref:179,
doi:10.1016/j.patter.2020.100136,Dataset Reuse: Toward Translating Principles To Practice,journal-article,2020,8,1,,Patterns,journal,crossref:78,
doi:10.1007/s10994-021-06118-z,Few-Shot Learning For Spatial Regression Via Neural Embedding-Based Gaussian Processes,journal-article,2021,,,,Machine Learning,journal,crossref:297,
doi:10.1002/poi3.176,"Big Data For Policymaking: Great Expectations, But With Limited Progress?",journal-article,2018,3,10,,Policy & Internet,journal,crossref:311,
doi:10.1080/15228835.2017.1416515,Hiding In Plain Sight: Insights About Health-Care Trends Gained Through Open Health Data,journal-article,2018,1,36,,Journal Of Technology In Human Services,journal,crossref:301,
doi:10.1007/s11423-019-09706-y,The Use Of Open Data As A Material For Learning,journal-article,2019,1,68,,Educational Technology Research And Development,journal,crossref:297,
doi:10.1186/s40965-018-0051-x,"Hypermap Registry: An Open Source, Standards-Based Geospatial Registry And Search Platform",journal-article,2018,1,3,,"Open Geospatial Data, Software And Standards",journal,crossref:297,
doi:10.1002/cpe.4186,Analytics For Citizens: A Linked Open Data Model For Statistical Data Exploration,journal-article,2017,8,33,,Concurrency And Computation: Practice And Experience,journal,crossref:311,
doi:10.1007/s41060-016-0025-y,Crowdsourcing Chart Digitizer: Task Design And Quality Control For Making Legacy Open Data Machine-Readable,journal-article,2016,1-2,2,,International Journal Of Data Science And Analytics,journal,crossref:297,
doi:10.1080/02681102.2017.1412289,Open Data And E-Government – Related Or Competing Ecosystems: A Paradox Of Open Government And Promise Of Civic Engagement In Estonia,journal-article,2017,3,25,,Information Technology For Development,journal,crossref:301,
doi:10.1108/dta-10-2017-0078,Performance Assessment And Major Trends In Open Government Data Research Based On Web Of Science Data,journal-article,2019,3,53,,Data Technologies And Applications,journal,crossref:140,
doi:10.31921/doxacom.n27a14,"El Perfil Del Periodista De Datos: Formación, Fuentes Y Herramientas",journal-article,2018,27,,,Doxa Comunicación. Revista Interdisciplinar De Estudios De Comunicación Y Ciencias Sociales,journal,crossref:17207,
doi:10.1049/iet-sen.2016.0325,Coeus 2.0: Automated Platform To Integrate And Publish Biomedical Data As Nanopublications,journal-article,2018,2,12,,Iet Software,journal,crossref:265,
doi:10.1155/2017/8327980,Linked Registries: Connecting Rare Diseases Patient Registries Through A Semantic Web Layer,journal-article,2017,,2017,,Biomed Research International,journal,crossref:98,
doi:10.1007/s10916-017-0705-8,Scaleus: Semantic Web Services Integration For Biomedical Applications,journal-article,2017,4,41,,Journal Of Medical Systems,journal,crossref:297,
doi:10.1093/database/bax088,A Semantic-Based Workflow For Biomedical Literature Annotation,journal-article,2017,,2017,,Database,journal,crossref:286,
doi:10.1016/j.yjbinx.2020.100074,Interoperability Of Population-Based Patient Registries,journal-article,2020,,112,,Journal Of Biomedical Informatics,journal,crossref:78,
doi:10.1016/j.future.2015.09.008,Scalable Semantic Aware Context Storage,journal-article,2016,,56,,Future Generation Computer Systems,journal,crossref:78,
doi:10.3390/app11167233,An Ontology To Model The International Rules For Multiple Primary Malignant Tumours In Cancer Registration,journal-article,2021,16,11,,Applied Sciences,journal,crossref:1968,
doi:10.1007/978-3-030-88361-4_12,Computing Cq Lower-Bounds Over Owl 2 Through Approximation To Rsa,book-chapter,2021,,,1,The Semantic Web – Iswc 2021 - Lecture Notes In Computer Science,book,crossref:297,
doi:10.21105/joss.03374,Jphyloref: A Tool For Testing And Resolving Phyloreferences,journal-article,2021,64,6,,Journal Of Open Source Software,journal,crossref:8722,
doi:10.1021/acssynbio.8b00532,Sbol-Owl: An Ontological Approach For Formal And Semantic Representation Of Synthetic Biology Information,journal-article,2019,7,8,,Acs Synthetic Biology,journal,crossref:316,
doi:10.1186/s13326-021-00246-0,Toward A Systematic Conflict Resolution Framework For Ontologies,journal-article,2021,1,12,,Journal Of Biomedical Semantics,journal,crossref:297,
doi:10.1007/s10845-021-01855-3,An Ontology Model For Maintenance Strategy Selection And Assessment,journal-article,2021,,,,Journal Of Intelligent Manufacturing,journal,crossref:297,
doi:10.1016/j.softx.2021.100952,Owloop: A Modular Api To Describe Owl Axioms In Oop Objects Hierarchies,journal-article,2022,,17,,Softwarex,journal,crossref:78,
doi:10.3390/app112110450,An Ontology-Based Expert System For Rice Disease Identification And Control Recommendation,journal-article,2021,21,11,,Applied Sciences,journal,crossref:1968,
doi:10.1017/s1471068421000466,Efficient Tbox Reasoning With Value Restrictions Using The Wer Reasoner,journal-article,2021,,,,Theory And Practice Of Logic Programming,journal,crossref:56,
doi:10.7717/peerj-cs.777,An Ontology-Based Approach To The Analysis Of The Acid-Base State Of Patients At Operative Measures,journal-article,2021,,7,,Peerj Computer Science,journal,crossref:4443,
doi:10.1016/j.websem.2021.100694,A Multiplatform Energy-Aware Owl Reasoner Benchmarking Framework,journal-article,2022,,72,,Journal Of Web Semantics,journal,crossref:78,
doi:10.3390/jsan10040066,Knowledge-Based Approach For The Perception Enhancement Of A Vehicle,journal-article,2021,4,10,,Journal Of Sensor And Actuator Networks,journal,crossref:1968,
doi:10.3390/app10186328,Ontology Fixing By Using Software Engineering Technology,journal-article,2020,18,10,,Applied Sciences,journal,crossref:1968,
doi:10.1007/978-3-030-61380-8_3,Agentdevlaw: A Middleware Architecture For Integrating Legal Ontologies And Multi-Agent Systems,book-chapter,2020,,,1,Intelligent Systems - Lecture Notes In Computer Science,book,crossref:297,
doi:10.1186/s13326-016-0091-z,Supporting The Analysis Of Ontology Evolution Processes Through The Combination Of Static And Dynamic Scaling Functions In Oquare,journal-article,2016,1,7,,Journal Of Biomedical Semantics,journal,crossref:297,
doi:10.1186/s13326-017-0133-1,An Ontology-Driven Tool For Structured Data Acquisition Using Web Forms,journal-article,2017,1,8,,Journal Of Biomedical Semantics,journal,crossref:297,
doi:10.1186/s12859-017-1999-8,Inferring Ontology Graph Structures Using Owl Reasoning,journal-article,2018,1,19,,Bmc Bioinformatics,journal,crossref:297,
doi:10.1093/bib/bby015,Where To Search Top-K Biomedical Ontologies?,journal-article,2018,4,20,,Briefings In Bioinformatics,journal,crossref:286,
doi:10.1186/s12911-017-0568-4,"An Ontology-Aware Integration Of Clinical Models, Terminologies And Guidelines: An Exploratory Study Of The Scale For The Assessment And Rating Of Ataxia (Sara)",journal-article,2017,1,17,,Bmc Medical Informatics And Decision Making,journal,crossref:297,
doi:10.3390/ijgi8030107,Semantic Modelling Of Ship Behavior In Harbor Based On Ontology And Dynamic Bayesian Network,journal-article,2019,3,8,,Isprs International Journal Of Geo-Information,journal,crossref:1968,
doi:10.1002/cpe.5743,Explicitly Semantic Representation Of Pattern And Combined Geometrical Specification,journal-article,2020,,,,Concurrency And Computation: Practice And Experience,journal,crossref:311,
doi:10.1093/bioinformatics/bty933,Opa2Vec: Combining Formal And Informal Content Of Biomedical Ontologies To Improve Similarity-Based Prediction,journal-article,2018,12,35,,Bioinformatics,journal,crossref:286,
doi:10.1108/jeim-06-2016-0116,Federated Semantic Search Using Terminological Thesauri For Learning Object Discovery,journal-article,2017,5,30,,Journal Of Enterprise Information Management,journal,crossref:140,
doi:10.1007/978-3-030-00461-3_6,A Modular Inference System For Probabilistic Description Logics,book-chapter,2018,,,1,Lecture Notes In Computer Science - Scalable Uncertainty Management,book,crossref:297,
doi:10.1186/s12911-020-01267-y,Conversational Ontology Operator: Patient-Centric Vaccine Dialogue Management Engine For Spoken Conversational Agents,journal-article,2020,S4,20,,Bmc Medical Informatics And Decision Making,journal,crossref:297,
doi:10.1186/s12911-020-01336-2,Towards Semantic Interoperability: Finding And Repairing Hidden Contradictions In Biomedical Ontologies,journal-article,2020,S10,20,,Bmc Medical Informatics And Decision Making,journal,crossref:297,
doi:10.1186/s13326-018-0191-z,Ontoserver: A Syndicated Terminology Server,journal-article,2018,1,9,,Journal Of Biomedical Semantics,journal,crossref:297,
doi:10.1186/s13326-020-00233-x,An Ontology-Based Approach For Developing A Harmonised Data-Validation Tool For European Cancer Registration,journal-article,2021,1,12,,Journal Of Biomedical Semantics,journal,crossref:297,
doi:10.1016/j.rcim.2018.04.002,Simpm – Upper-Level Ontology For Manufacturing Process Plan Network Generation,journal-article,2019,,55,,Robotics And Computer-Integrated Manufacturing,journal,crossref:78,
doi:10.1016/j.ins.2016.05.022,Flexible Queries On Relational Databases Using Fuzzy Logic And Ontologies,journal-article,2016,,366,,Information Sciences,journal,crossref:78,
doi:10.1016/j.jbi.2018.06.008,From Lexical Regularities To Axiomatic Patterns For The Quality Assurance Of Biomedical Terminologies And Ontologies,journal-article,2018,,84,,Journal Of Biomedical Informatics,journal,crossref:78,
doi:10.1049/sfw2.12034,Vulcont: A Recommender System Based On Context History Ontology,journal-article,2021,1,16,,Iet Software,journal,crossref:265,
doi:10.1007/s10579-021-09546-4,Lexo: An Open-Source System For Managing Ontolex-Lemon Resources,journal-article,2021,4,55,,Language Resources And Evaluation,journal,crossref:297,
doi:10.1007/978-3-030-75775-5_15,Read: Ad-Based Modular Ontology Classification,book-chapter,2021,,,1,Logics In Artificial Intelligence - Lecture Notes In Computer Science,book,crossref:297,
doi:10.4018/978-1-7998-6992-4.ch019,Ontology-Based Travel Recommender System,book-chapter,2021,,,0,,,,
doi:10.1007/s00165-021-00549-0,Enhancing Probabilistic Model Checking With Ontologies,journal-article,2021,6,33,,Formal Aspects Of Computing,journal,crossref:320,
doi:10.1007/978-3-030-77817-0_19,Patient-Provider Communication Training Models For Interactive Speech Devices,book-chapter,2021,,,1,"Digital Human Modeling And Applications In Health, Safety, Ergonomics And Risk Management. Human Body, Motion And Behavior - Lecture Notes In Computer Science",book,crossref:297,
doi:10.1007/s13740-021-00133-y,Sparql Query Generator (Sqg),journal-article,2021,3-4,10,,Journal On Data Semantics,journal,crossref:297,
doi:10.1155/2018/5083247,"Integrated Modeling, Simulation, And Visualization For Nanomaterials",journal-article,2018,,2018,,Complexity,journal,crossref:98,
doi:10.1007/s10817-017-9406-8,The Owl Reasoner Evaluation (Ore) 2015 Competition Report,journal-article,2017,4,59,,Journal Of Automated Reasoning,journal,crossref:297,
doi:10.1186/s40965-018-0053-8,Spatial And Temporal Resolution Of Geographic Information: An Observation-Based Theory,journal-article,2018,1,3,,"Open Geospatial Data, Software And Standards",journal,crossref:297,
doi:10.1007/978-3-319-99906-7_15,Clinical Decision Support Based On Owl Queries In A Knowledge-As-A-Service Architecture,book-chapter,2018,,,1,Rules And Reasoning - Lecture Notes In Computer Science,book,crossref:297,
doi:10.1007/s00354-019-00072-0,A Semantic-Based Framework For Rice Plant Disease Management,journal-article,2019,4,37,,New Generation Computing,journal,crossref:297,
doi:10.1111/exsy.12519,A Survey On Semanticized And Personalized Health Recommender Systems,journal-article,2019,4,37,,Expert Systems,journal,crossref:311,
doi:10.1038/s41598-019-40368-1,Quantitative Evaluation Of Ontology Design Patterns For Combining Pathology And Anatomy Ontologies,journal-article,2019,1,9,,Scientific Reports,journal,crossref:297,
doi:10.1002/er.5262,Formal Development Of An Operation Monitoring And Control System For Nuclear Reactors Using Event‐B Method,journal-article,2020,10,44,,International Journal Of Energy Research,journal,crossref:311,
doi:10.4018/ijsita.2019040104,Large-Scale Ontology Alignment- An Extraction Based Method To Support Information System Interoperability,journal-article,2019,2,10,,International Journal Of Strategic Information Technology And Applications,journal,crossref:2432,
doi:10.1007/978-3-030-34968-4_11,Ontology-Mediated Probabilistic Model Checking,book-chapter,2019,,,1,Lecture Notes In Computer Science - Integrated Formal Methods,book,crossref:297,
doi:10.1017/s026988892000017x,Sanom-Hobbit: Simulated Annealing-Based Ontology Matching On Hobbit Platform,journal-article,2020,,35,,The Knowledge Engineering Review,journal,crossref:56,
doi:10.3390/app9214547,Ontology-Based System For Dynamic Risk Management In Administrative Domains,journal-article,2019,21,9,,Applied Sciences,journal,crossref:1968,
doi:10.1080/00207543.2019.1680895,Enriching Analytics Models With Domain Knowledge For Smart Manufacturing Data Analysis,journal-article,2019,20,58,,International Journal Of Production Research,journal,crossref:301,
doi:10.4018/ijkss.2020040101,Discovering Cross-Disciplinary Concepts In Multidisciplinary Context Through Collaborative Framework,journal-article,2020,2,11,,International Journal Of Knowledge And Systems Science,journal,crossref:2432,
doi:10.1002/cpe.5744,Enhanced Semantic Representation Of Coaxiality With Double Material Requirements,journal-article,2020,,,,Concurrency And Computation: Practice And Experience,journal,crossref:311,
doi:10.1093/bib/bbz009,Evaluation Of Ontology Structural Metrics Based On Public Repository Data,journal-article,2019,2,21,,Briefings In Bioinformatics,journal,crossref:286,
doi:10.4018/ijhcitp.2020070105,Integrating Cobit 5 Pam And Tipa For Itil Using An Ontology Matching System,journal-article,2020,3,11,,International Journal Of Human Capital And Information Technology Professionals,journal,crossref:2432,
doi:10.1007/s13218-020-00655-w,Lethe: Forgetting And Uniform Interpolation For Expressive Description Logics,journal-article,2020,3,34,,Ki - Künstliche Intelligenz,journal,crossref:297,
doi:10.1186/s13326-016-0055-3,Webulous And The Webulous Google Add-On - A Web Service And Application For Ontology Building From Templates,journal-article,2016,1,7,,Journal Of Biomedical Semantics,journal,crossref:297,
doi:10.1186/s13326-017-0170-9,Tackling The Challenges Of Matching Biomedical Ontologies,journal-article,2018,1,9,,Journal Of Biomedical Semantics,journal,crossref:297,
doi:10.1017/s1471068420000101,Restricted Chase Termination For Existential Rules: A Hierarchical Approach And Experimentation,journal-article,2020,1,21,,Theory And Practice Of Logic Programming,journal,crossref:56,
doi:10.1186/s13673-019-0184-7,Comprehensive Structured Knowledge Base System Construction With Natural Language Presentation,journal-article,2019,1,9,,Human-Centric Computing And Information Sciences,journal,crossref:297,
doi:10.3390/s16101596,A Real-Time Web Of Things Framework With Customizable Openness Considering Legacy Devices,journal-article,2016,10,16,,Sensors,journal,crossref:1968,
doi:10.1007/s00799-018-0256-8,Assessing Plausibility Of Scientific Claims To Support High-Quality Content In Digital Collections,journal-article,2018,1,21,,International Journal On Digital Libraries,journal,crossref:297,
doi:10.1007/s11276-019-02029-z,Lindasearch: A Faceted Search System For Linked Open Datasets,journal-article,2019,8,26,,Wireless Networks,journal,crossref:297,
doi:10.1038/sdata.2016.18,The Fair Guiding Principles For Scientific Data Management And Stewardship,journal-article,2016,1,3,,Scientific Data,journal,crossref:297,
doi:10.1007/978-3-030-30796-7_28,Easy Web Api Development With Sparql Transformer,book-chapter,2019,,,1,Lecture Notes In Computer Science - The Semantic Web – Iswc 2019,book,crossref:297,
doi:10.1108/dta-09-2019-0164,Computational Implementation And Formalism Of Fair Data Stewardship Principles,journal-article,2020,2,54,,Data Technologies And Applications,journal,crossref:140,
doi:10.1007/978-3-030-46970-2_22,Towards A More Reproducible Biomedical Research Environment: Endorsement And Adoption Of The Fair Principles,book-chapter,2020,,,1,Biomedical Engineering Systems And Technologies - Communications In Computer And Information Science,book,crossref:297,
doi:10.1093/bioinformatics/btx566,An Automated Tool For Obtaining Qsar-Ready Series Of Compounds Using Semantic Web Technologies,journal-article,2017,1,34,,Bioinformatics,journal,crossref:286,
doi:10.1145/3345551,Large-Scale Semantic Integration Of Linked Data,journal-article,2020,5,52,,Acm Computing Surveys,journal,crossref:320,
doi:10.1016/j.websem.2014.11.003,On The Formulation Of Performant Sparql Queries,journal-article,2015,,31,,Journal Of Web Semantics,journal,crossref:78,
doi:10.1016/j.compag.2017.10.012,Agroportal: A Vocabulary And Ontology Repository For Agronomy,journal-article,2018,,144,,Computers And Electronics In Agriculture,journal,crossref:78,
doi:10.1016/j.jbi.2019.103154,Patient Data Discovery Platforms As Enablers Of Biomedical And Translational Research: A Systematic Review,journal-article,2019,,93,,Journal Of Biomedical Informatics,journal,crossref:78,
doi:10.1007/s41061-021-00349-3,Web-Based Quantitative Structure–Activity Relationship Resources Facilitate Effective Drug Discovery,journal-article,2021,6,379,,Topics In Current Chemistry,journal,crossref:297,
doi:10.1002/humu.23641,Clinvar At Five Years: Delivering On The Promise,journal-article,2018,11,39,,Human Mutation,journal,crossref:311,
doi:10.1002/humu.23655,Matchbox: An Open-Source Tool For Patient Matching Via The Matchmaker Exchange,journal-article,2018,12,39,,Human Mutation,journal,crossref:311,
doi:10.1007/s10592-018-1072-9,The International Mouse Phenotyping Consortium (Impc): A Functional Catalogue Of The Mammalian Genome That Informs Conservation,journal-article,2018,4,19,,Conservation Genetics,journal,crossref:297,
doi:10.1038/nprot.2015.124,Next-Generation Diagnostics And Disease-Gene Discovery With The Exomiser,journal-article,2015,12,10,,Nature Protocols,journal,crossref:297,
doi:10.1038/s41588-018-0096-x,Plain-Language Medical Vocabulary For Precision Diagnosis,journal-article,2018,4,50,,Nature Genetics,journal,crossref:297,
doi:10.1038/s41746-019-0110-4,Semantic Integration Of Clinical Laboratory Tests From Electronic Health Records For Deep Phenotyping And Biomarker Discovery,journal-article,2019,1,2,,Npj Digital Medicine,journal,crossref:297,
doi:10.1093/nar/gkx1132,The Reactome Pathway Knowledgebase,journal-article,2017,D1,46,,Nucleic Acids Research,journal,crossref:286,
doi:10.1093/nar/gkx998,Wormbase 2017: Molting Into A New Stage,journal-article,2017,D1,46,,Nucleic Acids Research,journal,crossref:286,
doi:10.1093/nar/gky1003,Flybase 2.0: The Next Generation,journal-article,2018,D1,47,,Nucleic Acids Research,journal,crossref:286,
doi:10.1093/nar/gky1056,Mouse Genome Database (Mgd) 2019,journal-article,2018,D1,47,,Nucleic Acids Research,journal,crossref:286,
doi:10.1093/nar/gky1079,The Biogrid Interaction Database: 2019 Update,journal-article,2018,D1,47,,Nucleic Acids Research,journal,crossref:286,
doi:10.1093/nar/gky1105,Expansion Of The Human Phenotype Ontology (Hpo) Knowledge Base And Resources,journal-article,2018,D1,47,,Nucleic Acids Research,journal,crossref:286,
doi:10.1093/nar/gky1120,"The Nhgri-Ebi Gwas Catalog Of Published Genome-Wide Association Studies, Targeted Arrays And Summary Statistics 2019",journal-article,2018,D1,47,,Nucleic Acids Research,journal,crossref:286,
doi:10.1093/nar/gky1131,"String V11: Protein–Protein Association Networks With Increased Coverage, Supporting Functional Discovery In Genome-Wide Experimental Datasets",journal-article,2018,D1,47,,Nucleic Acids Research,journal,crossref:286,
doi:10.1186/s13326-017-0126-0,Dead Simple Owl Design Patterns,journal-article,2017,1,8,,Journal Of Biomedical Semantics,journal,crossref:297,
doi:10.1371/journal.pone.0213090,An Analysis And Metric Of Reusable Data Licensing Practices For Biomedical Resources,journal-article,2019,3,14,,Plos One,journal,crossref:340,
doi:10.1093/jamiaopen/ooaa030,The Case For Open Science: Rare Diseases,journal-article,2020,3,3,,Jamia Open,journal,crossref:286,
doi:10.1038/s41581-020-00335-w,Modelling Kidney Disease Using Ontology: Insights From The Kidney Precision Medicine Project,journal-article,2020,11,16,,Nature Reviews Nephrology,journal,crossref:297,
doi:10.1093/nar/gkaa753,"Iddb: A Comprehensive Resource Featuring Genes, Variants And Characteristics Associated With Infertility",journal-article,2020,D1,49,,Nucleic Acids Research,journal,crossref:286,
doi:10.12688/f1000research.25144.1,Dictionary Of Disease Ontologies (Dodo): A Graph Database To Facilitate Access And Interaction With Disease And Phenotype Ontologies,journal-article,2020,,9,,F1000Research,journal,crossref:2560,
doi:10.1371/journal.pcbi.1008376,Transforming The Study Of Organisms: Phenomic Data Models And Knowledge Bases,journal-article,2020,11,16,,Plos Computational Biology,journal,crossref:340,
doi:10.1371/journal.pcbi.1008453,Deeppheno: Predicting Single Gene Loss-Of-Function Phenotypes Using An Ontology-Aware Hierarchical Classifier,journal-article,2020,11,16,,Plos Computational Biology,journal,crossref:340,
doi:10.1093/bioinformatics/btaa879,"Predicting Candidate Genes From Phenotypes, Functions And Anatomical Site Of Expression",journal-article,2020,6,37,,Bioinformatics,journal,crossref:286,
doi:10.1093/nar/gkaa1043,The Human Phenotype Ontology In 2021,journal-article,2020,D1,49,,Nucleic Acids Research,journal,crossref:286,
doi:10.1093/nar/gkaa980,Genenames.Org: The Hgnc And Vgnc Resources In 2021,journal-article,2020,D1,49,,Nucleic Acids Research,journal,crossref:286,
doi:10.1093/g3journal/jkaa035,Insights From The Reanalysis Of High-Throughput Chemical Genomics Data For Escherichia Coli K-12,journal-article,2020,1,11,,G3 Genes|Genomes|Genetics,journal,crossref:286,
doi:10.1093/bioinformatics/btab019,Phenotagger: A Hybrid Method For Phenotype Concept Recognition Using Human Phenotype Ontology,journal-article,2021,13,37,,Bioinformatics,journal,crossref:286,
doi:10.1186/s13023-021-01797-2,"Towards Enhanced Understanding Of Idiopathic Ketotic Hypoglycemia: A Literature Review And Introduction Of The Patient Organization, Ketotic Hypoglycemia International",journal-article,2021,1,16,,Orphanet Journal Of Rare Diseases,journal,crossref:297,
doi:10.1242/dmm.046573,Disruption Of A Hedgehog-Foxf1-Rspo2 Signaling Axis Leads To Tracheomalacia And A Loss Of Sox9+ Tracheal Chondrocytes,journal-article,2021,2,14,,Disease Models & Mechanisms,journal,crossref:237,
doi:10.1371/journal.pone.0231916,Knowledge Beacons: Web Services For Data Harvesting Of Distributed Biomedical Knowledge,journal-article,2021,3,16,,Plos One,journal,crossref:340,
doi:10.1016/j.crtox.2021.03.001,"Ctd Anatomy: Analyzing Chemical-Induced Phenotypes And Exposures From An Anatomical Perspective, With Implications For Environmental Health Studies",journal-article,2021,,2,,Current Research In Toxicology,journal,crossref:78,
doi:10.1038/s41398-021-01528-y,Conserved Immunomodulatory Transcriptional Networks Underlie Antipsychotic-Induced Weight Gain,journal-article,2021,1,11,,Translational Psychiatry,journal,crossref:297,
doi:10.1016/j.ydbio.2021.05.015,Developmental Basis Of Trachea-Esophageal Birth Defects,journal-article,2021,,477,,Developmental Biology,journal,crossref:78,
doi:10.1002/1873-3468.14067,"Sharing Biological Data: Why, When, And How",journal-article,2021,7,595,,Febs Letters,journal,crossref:311,
doi:10.1093/database/baab003,The Landscape Of Nutri-Informatics: A Review Of Current Resources And Challenges For Integrative Nutrition Research,journal-article,2021,,2021,,Database,journal,crossref:286,
doi:10.1002/ajmg.a.62239,Next‐Generation Sequencing And The Evolution Of Data Sharing,journal-article,2021,9,185,,American Journal Of Medical Genetics Part A,journal,crossref:311,
doi:10.1186/s13326-021-00241-5,Improved Characterisation Of Clinical Text Through Ontology-Based Vocabulary Expansion,journal-article,2021,1,12,,Journal Of Biomedical Semantics,journal,crossref:297,
doi:10.1093/bioinformatics/btaa1091,The Ippi-Db Initiative: A Community-Centered Database Of Protein–Protein Interaction Modulators,journal-article,2021,1,37,,Bioinformatics,journal,crossref:286,
doi:10.1242/dev.196097,Planarian Anatomy Ontology: A Resource To Connect Data Within And Across Experimental Platforms,journal-article,2021,15,148,,Development,journal,crossref:237,
doi:10.3390/cancers13164207,Computational Approaches For Cancer-Fighting: From Gene Expression To Functional Foods,journal-article,2021,16,13,,Cancers,journal,crossref:1968,
doi:10.1242/dev.200193,Model Organism Databases Are In Jeopardy,journal-article,2021,19,148,,Development,journal,crossref:237,
doi:10.1371/journal.pcbi.1009283,Diffusion Enables Integration Of Heterogeneous Data And User-Driven Learning In A Desktop Knowledge-Base,journal-article,2021,8,17,,Plos Computational Biology,journal,crossref:340,
doi:10.3390/biom11081245,Biomolecule And Bioentity Interaction Databases In Systems Biology: A Comprehensive Review,journal-article,2021,8,11,,Biomolecules,journal,crossref:1968,
doi:10.1186/s13326-021-00249-x,Linking Common Human Diseases To Their Phenotypes; Development Of A Resource For Human Phenomics,journal-article,2021,1,12,,Journal Of Biomedical Semantics,journal,crossref:297,
doi:10.1093/bib/bbab363,Genome Sequencing Data Analysis For Rare Disease Gene Discovery,journal-article,2021,1,23,,Briefings In Bioinformatics,journal,crossref:286,
doi:10.3390/ijerph18178985,Catalyzing Knowledge-Driven Discovery In Environmental Health Sciences Through A Community-Driven Harmonized Language,journal-article,2021,17,18,,International Journal Of Environmental Research And Public Health,journal,crossref:1968,
doi:10.1038/s41467-021-26674-1,Network Analysis Reveals Rare Disease Signatures Across Multiple Levels Of Biological Organization,journal-article,2021,1,12,,Nature Communications,journal,crossref:297,
doi:10.1111/2041-210x.13753,Ontofast: An R Package For Interactive And Semi‐Automatic Annotation Of Characters With Biological Ontologies,journal-article,2021,2,13,,Methods In Ecology And Evolution,journal,crossref:311,
doi:10.1016/j.xgen.2021.100029,Ga4Gh: International Policies And Standards For Data Sharing Across Genomic Research And Healthcare,journal-article,2021,2,1,,Cell Genomics,journal,crossref:78,
doi:10.1016/j.ebiom.2021.103722,Characterizing Long Covid: Deep Phenotype Of A Complex Condition,journal-article,2021,,74,,Ebiomedicine,journal,crossref:78,
doi:10.1007/s00335-021-09921-0,Mouse Genome Informatics (Mgi): Latest News From Mgd And Gxd,journal-article,2021,,,,Mammalian Genome,journal,crossref:297,
doi:10.1016/j.xgen.2021.100028,The Data Use Ontology To Streamline Responsible Access To Human Biomedical Datasets,journal-article,2021,2,1,,Cell Genomics,journal,crossref:78,
doi:10.1016/j.xgen.2021.100031,Empirical Validation Of An Automated Approach To Data Use Oversight,journal-article,2021,2,1,,Cell Genomics,journal,crossref:78,
doi:10.5028/jatm.v12.1098,Aeb Online Calculator For Assessing Technology Maturity: Imatec,journal-article,2020,12,,,Journal Of Aerospace Technology And Management - Volume 12,journal,crossref:530,
doi:10.1007/978-3-030-03056-8_25,Building An Ecosystem For The Tyrolean Tourism Knowledge Graph,book-chapter,2018,,,1,Current Trends In Web Engineering - Lecture Notes In Computer Science,book,crossref:297,
doi:10.1007/s11280-018-0611-0,Gstar: An Efficient Framework For Answering Top-K Star Queries On Billion-Node Knowledge Graphs,journal-article,2018,4,22,,World Wide Web,journal,crossref:297,
doi:10.3897/bdj.6.e27539,Liberating Links Between Datasets Using Lightweight Data Publishing: An Example Using Plant Names And The Taxonomic Literature,journal-article,2018,,6,,Biodiversity Data Journal,journal,crossref:2258,
doi:10.3897/biss.3.34742,Wikidata And The Biodiversity Knowledge Graph,journal-article,2019,,3,,Biodiversity Information Science And Standards,journal,crossref:2258,
doi:10.2196/13871,Racial Disparities In Mortality Among American Film Celebrities: A Wikipedia-Based Retrospective Cohort Study,journal-article,2019,4,8,,Interactive Journal Of Medical Research,journal,crossref:1010,
doi:10.3390/ijgi7070264,Structured Knowledge Base As Prior Knowledge To Improve Urban Data Analysis,journal-article,2018,7,7,,Isprs International Journal Of Geo-Information,journal,crossref:1968,
doi:10.1111/tgis.12547,A Spatially Explicit Reinforcement Learning Model For Geographic Knowledge Graph Summarization,journal-article,2019,3,23,,Transactions In Gis,journal,crossref:311,
doi:10.1007/s00354-019-00074-y,Interconnection Of Biological Knowledge Using Nikkajirdf And Interlinking Ontology For Biological Concepts,journal-article,2019,4,37,,New Generation Computing,journal,crossref:297,
doi:10.1007/s41019-018-0082-4,Fact Checking In Knowledge Graphs With Ontological Subgraph Patterns,journal-article,2018,4,3,,Data Science And Engineering,journal,crossref:297,
doi:10.1007/s41109-019-0133-4,Relation Prediction In Knowledge Graph By Multi-Label Deep Neural Network,journal-article,2019,1,4,,Applied Network Science,journal,crossref:297,
doi:10.1108/dta-12-2018-0110,A Systematic Literature Review On Wikidata,journal-article,2019,3,53,,Data Technologies And Applications,journal,crossref:140,
doi:10.1007/978-3-319-68288-4_25,Attributed Description Logics: Ontologies For Knowledge Graphs,book-chapter,2017,,,1,Lecture Notes In Computer Science - The Semantic Web – Iswc 2017,book,crossref:297,
doi:10.1007/978-3-319-69471-9_41,Kgbiac: Knowledge Graph Based Intelligent Alert Correlation Framework,book-chapter,2017,,,1,Cyberspace Safety And Security - Lecture Notes In Computer Science,book,crossref:297,
doi:10.1007/978-3-030-21462-3_2,Too Much Information: Can Ai Cope With Modern Knowledge Graphs?,book-chapter,2019,,,1,Formal Concept Analysis - Lecture Notes In Computer Science,book,crossref:297,
doi:10.1007/978-3-030-21462-3_21,Discovering Implicational Knowledge In Wikidata,book-chapter,2019,,,1,Formal Concept Analysis - Lecture Notes In Computer Science,book,crossref:297,
doi:10.1007/978-3-030-22102-7_21,Temporally Attributed Description Logics,book-chapter,2019,,,1,"Lecture Notes In Computer Science - Description Logic, Theory Combination, And All That",book,crossref:297,
doi:10.1371/journal.pone.0191917,Reducing Vertices In Property Graphs,journal-article,2018,2,13,,Plos One,journal,crossref:340,
doi:10.1007/978-3-030-30793-6_13,Uncovering The Semantics Of Wikipedia Categories,book-chapter,2019,,,1,Lecture Notes In Computer Science - The Semantic Web – Iswc 2019,book,crossref:297,
doi:10.1007/978-3-030-36599-8_37,Enriching Wikidata With Cultural Heritage Data From The Courage Project,book-chapter,2019,,,1,Metadata And Semantic Research - Communications In Computer And Information Science,book,crossref:297,
doi:10.1007/978-3-030-33220-4_23,Automatic Facet Generation And Selection Over Knowledge Graphs,book-chapter,2019,,,1,Lecture Notes In Computer Science - Semantic Systems. The Power Of Ai And Knowledge Graphs,book,crossref:297,
doi:10.1007/s11192-020-03397-6,The Practice Of Self-Citations: A Longitudinal Study,journal-article,2020,1,123,,Scientometrics,journal,crossref:297,
doi:10.1007/s10115-019-01415-5,Dbkwik: Extracting And Integrating Knowledge From Thousands Of Wikis,journal-article,2019,6,62,,Knowledge And Information Systems,journal,crossref:297,
doi:10.1162/dint_a_00019,Knowledge Graph Construction And Applications For Web Search And Beyond,journal-article,2019,4,1,,Data Intelligence,journal,crossref:281,
doi:10.1162/dint_a_00030,Fair Data Reuse – The Path Through Data Citation,journal-article,2020,1-2,2,,Data Intelligence,journal,crossref:281,
doi:10.17645/pag.v8i2.2591,Integrating Manual And Automatic Annotation For The Creation Of Discourse Network Data Sets,journal-article,2020,2,8,,Politics And Governance,journal,crossref:6951,
doi:10.1007/978-3-030-49461-2_31,Vquanda: Verbalization Question Answering Dataset,book-chapter,2020,,,1,The Semantic Web - Lecture Notes In Computer Science,book,crossref:297,
doi:10.1007/978-3-030-49461-2_4,A Simple Method For Inducing Class Taxonomies In Knowledge Graphs,book-chapter,2020,,,1,The Semantic Web - Lecture Notes In Computer Science,book,crossref:297,
doi:10.3390/data5020046,Standartox: Standardizing Toxicity Data,journal-article,2020,2,5,,Data,journal,crossref:1968,
doi:10.1145/3369875,What Are Links In Linked Open Data? A Characterization And Evaluation Of Links Between Knowledge Graphs On The Web,journal-article,2020,2,12,,Journal Of Data And Information Quality,journal,crossref:320,
doi:10.1145/3371315,Mining Expressive Rules In Knowledge Graphs,journal-article,2020,2,12,,Journal Of Data And Information Quality,journal,crossref:320,
doi:10.3390/info11050263,Modeling Popularity And Reliability Of Sources In Multilingual Wikipedia,journal-article,2020,5,11,,Information,journal,crossref:1968,
doi:10.1145/3286488,Discovering Patterns For Fact Checking In Knowledge Graphs,journal-article,2019,3,11,,Journal Of Data And Information Quality,journal,crossref:320,
doi:10.1007/978-3-030-44584-3_39,Orometric Methods In Bounded Metric Data,book-chapter,2020,,,1,Lecture Notes In Computer Science - Advances In Intelligent Data Analysis Xviii,book,crossref:297,
doi:10.1007/978-3-030-45442-5_78,Graph-Based Entity-Oriented Search: A Unified Framework In Information Retrieval,book-chapter,2020,,,1,Lecture Notes In Computer Science - Advances In Information Retrieval,book,crossref:297,
doi:10.1177/0165551520911590,An Ensemble Clustering Approach For Topic Discovery Using Implicit Text Segmentation,journal-article,2020,4,47,,Journal Of Information Science,journal,crossref:179,
doi:10.3390/electronics9050750,"A Survey On Knowledge Graph Embedding: Approaches, Applications And Benchmarks",journal-article,2020,5,9,,Electronics,journal,crossref:1968,
doi:10.1177/0165551520921342,A Survey On Automatically Constructed Universal Knowledge Bases,journal-article,2020,5,47,,Journal Of Information Science,journal,crossref:179,
doi:10.1007/978-3-030-50146-4_31,Image-Based World-Perceiving Knowledge Graph (Wpkg) With Imprecision,book-chapter,2020,,,1,Information Processing And Management Of Uncertainty In Knowledge-Based Systems - Communications In Computer And Information Science,book,crossref:297,
doi:10.1007/978-3-319-93417-4_10,Pagerank And Generic Entity Summarization For Rdf Knowledge Bases,book-chapter,2018,,,1,The Semantic Web - Lecture Notes In Computer Science,book,crossref:297,
doi:10.1007/978-3-319-93417-4_17,A Dataset For Web-Scale Knowledge Base Population,book-chapter,2018,,,1,The Semantic Web - Lecture Notes In Computer Science,book,crossref:297,
doi:10.1007/978-3-319-93417-4_19,Semantic Concept Discovery Over Event Databases,book-chapter,2018,,,1,The Semantic Web - Lecture Notes In Computer Science,book,crossref:297,
doi:10.1007/978-3-319-93417-4_32,Transfer Learning For Item Recommendations And Knowledge Graph Completion In Item Related Domains Via A Co-Factorization Model,book-chapter,2018,,,1,The Semantic Web - Lecture Notes In Computer Science,book,crossref:297,
doi:10.3390/e20060439,Factoid Question Answering With Distant Supervision,journal-article,2018,6,20,,Entropy,journal,crossref:1968,
doi:10.1007/s00778-016-0444-3,Scalekb: Scalable Learning And Inference Over Large Knowledge Bases,journal-article,2016,6,25,,The Vldb Journal,journal,crossref:297,
doi:10.1007/s00778-019-00558-9,An Analytical Study Of Large Sparql Query Logs,journal-article,2019,2-3,29,,The Vldb Journal,journal,crossref:297,
doi:10.1007/s00779-018-01189-7,Exploiting Semantics For Context-Aware Itinerary Recommendation,journal-article,2019,2,23,,Personal And Ubiquitous Computing,journal,crossref:297,
doi:10.1007/s00799-019-00266-3,A Wikidata-Based Tool For Building And Visualising Narratives,journal-article,2019,4,20,,International Journal On Digital Libraries,journal,crossref:297,
doi:10.3233/ds-190016,Enabling Text Search On Sparql Endpoints Through Oscar,journal-article,2019,1-2,2,,Data Science,journal,crossref:7437,
doi:10.3233/sw-180310,Comparison And Evaluation Of Ontologies For Units Of Measurement,journal-article,2018,1,10,,Semantic Web,journal,crossref:7437,
doi:10.1007/978-3-030-04284-4_26,"Inference Of Functions, Roles, And Applications Of Chemicals Using Linked Open Data And Ontologies",book-chapter,2018,,,1,Semantic Technology - Lecture Notes In Computer Science,book,crossref:297,
doi:10.1177/0165551518793321,Exploiting Named Entity Recognition For Improving Syntactic-Based Web Service Discovery,journal-article,2018,3,45,,Journal Of Information Science,journal,crossref:179,
doi:10.12688/f1000research.12168.1,"Systematically Linking Transmart, Galaxy And Ega For Reusing Human Translational Research Data",journal-article,2017,,6,,F1000Research,journal,crossref:2560,
doi:10.12688/f1000research.14613.1,Cytargetlinker App Update: A Flexible Solution For Network Extension In Cytoscape,journal-article,2018,,7,,F1000Research,journal,crossref:2560,
doi:10.12688/f1000research.14613.2,Cytargetlinker App Update: A Flexible Solution For Network Extension In Cytoscape,journal-article,2019,,7,,F1000Research,journal,crossref:2560,
doi:10.1007/s10462-017-9556-4,Local And Global Feature Selection For Multilabel Classification With Binary Relevance,journal-article,2017,1,51,,Artificial Intelligence Review,journal,crossref:297,
doi:10.1177/2053951717743530,Fairer Machine Learning In The Real World: Mitigating Discrimination Without Collecting Sensitive Data,journal-article,2017,2,4,,Big Data & Society,journal,crossref:179,
doi:10.1007/s00607-019-00701-y,Interpretation And Automatic Integration Of Geospatial Data Into The Semantic Web,journal-article,2019,2,102,,Computing,journal,crossref:297,
doi:10.1007/s11625-016-0412-2,Digital Sustainability: Basic Conditions For Sustainable Digital Artifacts And Their Ecosystems,journal-article,2016,2,12,,Sustainability Science,journal,crossref:297,
doi:10.1007/s11257-018-9207-8,Inferring User Interests In Microblogging Social Networks: A Survey,journal-article,2018,3,28,,User Modeling And User-Adapted Interaction,journal,crossref:297,
doi:10.1093/database/baz080,Semalytics: A Semantic Analytics Platform For The Exploration Of Distributed And Heterogeneous Cancer Data In Translational Research,journal-article,2019,,2019,,Database,journal,crossref:286,
doi:10.1111/coin.12216,Swat: A System For Detecting Salient Wikipedia Entities In Texts,journal-article,2019,4,35,,Computational Intelligence,journal,crossref:311,
doi:10.1007/978-3-030-59621-7_2,Malont: An Ontology For Malware Threat Intelligence,book-chapter,2020,,,1,Deployable Machine Learning For Security Defense - Communications In Computer And Information Science,book,crossref:297,
doi:10.1007/978-3-030-59833-4_1,The New Dbpedia Release Cycle: Increasing Agility And Efficiency In Knowledge Extraction Workflows,book-chapter,2020,,,1,Semantic Systems. In The Era Of Knowledge Graphs - Lecture Notes In Computer Science,book,crossref:297,
doi:10.1515/jib-2018-0023,Towards Fairer Biological Knowledge Networks Using A Hybrid Linked Data And Graph Database Approach,journal-article,2018,3,15,,Journal Of Integrative Bioinformatics,journal,crossref:374,
doi:10.1007/s13218-020-00686-3,Ontologies And Data Management: A Brief Survey,journal-article,2020,3,34,,Ki - Künstliche Intelligenz,journal,crossref:297,
doi:10.1007/978-3-030-54956-5_1,Requirements Analysis For An Open Research Knowledge Graph,book-chapter,2020,,,1,Digital Libraries For Open Knowledge - Lecture Notes In Computer Science,book,crossref:297,
doi:10.1371/journal.pone.0236863,Microblog Topic Identification Using Linked Open Data,journal-article,2020,8,15,,Plos One,journal,crossref:340,
doi:10.1145/3407194,Early Detection Of Social Media Hoaxes At Scale,journal-article,2020,4,14,,Acm Transactions On The Web,journal,crossref:320,
doi:10.3390/app10144893,"Cognitive Aspects-Based Short Text Representation With Named Entity, Concept And Knowledge",journal-article,2020,14,10,,Applied Sciences,journal,crossref:1968,
doi:10.1145/3309547,Temporal Relational Ranking For Stock Prediction,journal-article,2019,2,37,,Acm Transactions On Information Systems,journal,crossref:320,
doi:10.1007/978-3-030-58285-2_27,Fast Pathfinding In Knowledge Graphs Using Word Embeddings,book-chapter,2020,,,1,Lecture Notes In Computer Science - Ki 2020: Advances In Artificial Intelligence,book,crossref:297,
doi:10.1007/s11280-020-00842-7,Using Context Information To Enhance Simple Question Answering,journal-article,2020,1,24,,World Wide Web,journal,crossref:297,
